ISO-10303-21;
HEADER;
FILE_DESCRIPTION(('FreeCAD Model'),'2;1');
FILE_NAME('Open CASCADE Shape Model','2026-08-09T12:43:27',('Author'),(
    ''),'Open CASCADE STEP processor 7.8','FreeCAD','Unknown');
FILE_SCHEMA(('AUTOMOTIVE_DESIGN { 1 0 10303 214 1 1 1 1 }'));
ENDSEC;
DATA;
#1 = APPLICATION_PROTOCOL_DEFINITION('international standard',
  'automotive_design',2000,#2);
#2 = APPLICATION_CONTEXT(
  'core data for automotive mechanical design processes');
#3 = SHAPE_DEFINITION_REPRESENTATION(#4,#10);
#4 = PRODUCT_DEFINITION_SHAPE('','',#5);
#5 = PRODUCT_DEFINITION('design','',#6,#9);
#6 = PRODUCT_DEFINITION_FORMATION('','',#7);
#7 = PRODUCT('DA42_GPS_Radome_Final','DA42_GPS_Radome_Final','',(#8));
#8 = PRODUCT_CONTEXT('',#2,'mechanical');
#9 = PRODUCT_DEFINITION_CONTEXT('part definition',#2,'design');
#10 = ADVANCED_BREP_SHAPE_REPRESENTATION('',(#11,#15),#3743);
#11 = AXIS2_PLACEMENT_3D('',#12,#13,#14);
#12 = CARTESIAN_POINT('',(0.,0.,0.));
#13 = DIRECTION('',(0.,0.,1.));
#14 = DIRECTION('',(1.,0.,-0.));
#15 = MANIFOLD_SOLID_BREP('',#16);
#16 = CLOSED_SHELL('',(#17,#57,#88,#345,#369,#833,#845,#862,#879,#1571,
    #1588,#1605,#1754,#1878,#1982,#2172,#2348,#2553,#2766,#3253,#3266,
    #3690,#3703,#3713,#3723,#3733));
#17 = ADVANCED_FACE('',(#18),#52,.F.);
#18 = FACE_BOUND('',#19,.F.);
#19 = EDGE_LOOP('',(#20,#30,#38,#46));
#20 = ORIENTED_EDGE('',*,*,#21,.F.);
#21 = EDGE_CURVE('',#22,#24,#26,.T.);
#22 = VERTEX_POINT('',#23);
#23 = CARTESIAN_POINT('',(-100.,-100.,-10.));
#24 = VERTEX_POINT('',#25);
#25 = CARTESIAN_POINT('',(-100.,-100.,0.));
#26 = LINE('',#27,#28);
#27 = CARTESIAN_POINT('',(-100.,-100.,-10.));
#28 = VECTOR('',#29,1.);
#29 = DIRECTION('',(0.,0.,1.));
#30 = ORIENTED_EDGE('',*,*,#31,.T.);
#31 = EDGE_CURVE('',#22,#32,#34,.T.);
#32 = VERTEX_POINT('',#33);
#33 = CARTESIAN_POINT('',(-100.,100.,-10.));
#34 = LINE('',#35,#36);
#35 = CARTESIAN_POINT('',(-100.,-100.,-10.));
#36 = VECTOR('',#37,1.);
#37 = DIRECTION('',(0.,1.,0.));
#38 = ORIENTED_EDGE('',*,*,#39,.T.);
#39 = EDGE_CURVE('',#32,#40,#42,.T.);
#40 = VERTEX_POINT('',#41);
#41 = CARTESIAN_POINT('',(-100.,100.,0.));
#42 = LINE('',#43,#44);
#43 = CARTESIAN_POINT('',(-100.,100.,-10.));
#44 = VECTOR('',#45,1.);
#45 = DIRECTION('',(0.,0.,1.));
#46 = ORIENTED_EDGE('',*,*,#47,.F.);
#47 = EDGE_CURVE('',#24,#40,#48,.T.);
#48 = LINE('',#49,#50);
#49 = CARTESIAN_POINT('',(-100.,-100.,0.));
#50 = VECTOR('',#51,1.);
#51 = DIRECTION('',(0.,1.,0.));
#52 = PLANE('',#53);
#53 = AXIS2_PLACEMENT_3D('',#54,#55,#56);
#54 = CARTESIAN_POINT('',(-100.,-100.,-10.));
#55 = DIRECTION('',(1.,0.,0.));
#56 = DIRECTION('',(0.,0.,1.));
#57 = ADVANCED_FACE('',(#58),#83,.F.);
#58 = FACE_BOUND('',#59,.F.);
#59 = EDGE_LOOP('',(#60,#68,#69,#77));
#60 = ORIENTED_EDGE('',*,*,#61,.F.);
#61 = EDGE_CURVE('',#22,#62,#64,.T.);
#62 = VERTEX_POINT('',#63);
#63 = CARTESIAN_POINT('',(100.,-100.,-10.));
#64 = LINE('',#65,#66);
#65 = CARTESIAN_POINT('',(-100.,-100.,-10.));
#66 = VECTOR('',#67,1.);
#67 = DIRECTION('',(1.,0.,0.));
#68 = ORIENTED_EDGE('',*,*,#21,.T.);
#69 = ORIENTED_EDGE('',*,*,#70,.T.);
#70 = EDGE_CURVE('',#24,#71,#73,.T.);
#71 = VERTEX_POINT('',#72);
#72 = CARTESIAN_POINT('',(100.,-100.,0.));
#73 = LINE('',#74,#75);
#74 = CARTESIAN_POINT('',(-100.,-100.,0.));
#75 = VECTOR('',#76,1.);
#76 = DIRECTION('',(1.,0.,0.));
#77 = ORIENTED_EDGE('',*,*,#78,.F.);
#78 = EDGE_CURVE('',#62,#71,#79,.T.);
#79 = LINE('',#80,#81);
#80 = CARTESIAN_POINT('',(100.,-100.,-10.));
#81 = VECTOR('',#82,1.);
#82 = DIRECTION('',(0.,0.,1.));
#83 = PLANE('',#84);
#84 = AXIS2_PLACEMENT_3D('',#85,#86,#87);
#85 = CARTESIAN_POINT('',(-100.,-100.,-10.));
#86 = DIRECTION('',(0.,1.,0.));
#87 = DIRECTION('',(0.,0.,1.));
#88 = ADVANCED_FACE('',(#89,#107,#118,#129,#318,#329),#340,.T.);
#89 = FACE_BOUND('',#90,.T.);
#90 = EDGE_LOOP('',(#91,#92,#93,#101));
#91 = ORIENTED_EDGE('',*,*,#47,.F.);
#92 = ORIENTED_EDGE('',*,*,#70,.T.);
#93 = ORIENTED_EDGE('',*,*,#94,.T.);
#94 = EDGE_CURVE('',#71,#95,#97,.T.);
#95 = VERTEX_POINT('',#96);
#96 = CARTESIAN_POINT('',(100.,100.,0.));
#97 = LINE('',#98,#99);
#98 = CARTESIAN_POINT('',(100.,-100.,0.));
#99 = VECTOR('',#100,1.);
#100 = DIRECTION('',(0.,1.,0.));
#101 = ORIENTED_EDGE('',*,*,#102,.F.);
#102 = EDGE_CURVE('',#40,#95,#103,.T.);
#103 = LINE('',#104,#105);
#104 = CARTESIAN_POINT('',(-100.,100.,0.));
#105 = VECTOR('',#106,1.);
#106 = DIRECTION('',(1.,0.,0.));
#107 = FACE_BOUND('',#108,.T.);
#108 = EDGE_LOOP('',(#109));
#109 = ORIENTED_EDGE('',*,*,#110,.T.);
#110 = EDGE_CURVE('',#111,#111,#113,.T.);
#111 = VERTEX_POINT('',#112);
#112 = CARTESIAN_POINT('',(-37.,-69.28203230275,0.));
#113 = CIRCLE('',#114,3.);
#114 = AXIS2_PLACEMENT_3D('',#115,#116,#117);
#115 = CARTESIAN_POINT('',(-40.,-69.28203230275,0.));
#116 = DIRECTION('',(0.,0.,-1.));
#117 = DIRECTION('',(1.,0.,0.));
#118 = FACE_BOUND('',#119,.T.);
#119 = EDGE_LOOP('',(#120));
#120 = ORIENTED_EDGE('',*,*,#121,.T.);
#121 = EDGE_CURVE('',#122,#122,#124,.T.);
#122 = VERTEX_POINT('',#123);
#123 = CARTESIAN_POINT('',(43.,-69.28203230275,0.));
#124 = CIRCLE('',#125,3.);
#125 = AXIS2_PLACEMENT_3D('',#126,#127,#128);
#126 = CARTESIAN_POINT('',(40.,-69.28203230275,0.));
#127 = DIRECTION('',(0.,0.,-1.));
#128 = DIRECTION('',(1.,0.,0.));
#129 = FACE_BOUND('',#130,.T.);
#130 = EDGE_LOOP('',(#131));
#131 = ORIENTED_EDGE('',*,*,#132,.T.);
#132 = EDGE_CURVE('',#133,#133,#135,.T.);
#133 = VERTEX_POINT('',#134);
#134 = CARTESIAN_POINT('',(84.59051693633,-1.657496092869E-14,
    2.466476582848E-14));
#135 = B_SPLINE_CURVE_WITH_KNOTS('',7,(#136,#137,#138,#139,#140,#141,
    #142,#143,#144,#145,#146,#147,#148,#149,#150,#151,#152,#153,#154,
    #155,#156,#157,#158,#159,#160,#161,#162,#163,#164,#165,#166,#167,
    #168,#169,#170,#171,#172,#173,#174,#175,#176,#177,#178,#179,#180,
    #181,#182,#183,#184,#185,#186,#187,#188,#189,#190,#191,#192,#193,
    #194,#195,#196,#197,#198,#199,#200,#201,#202,#203,#204,#205,#206,
    #207,#208,#209,#210,#211,#212,#213,#214,#215,#216,#217,#218,#219,
    #220,#221,#222,#223,#224,#225,#226,#227,#228,#229,#230,#231,#232,
    #233,#234,#235,#236,#237,#238,#239,#240,#241,#242,#243,#244,#245,
    #246,#247,#248,#249,#250,#251,#252,#253,#254,#255,#256,#257,#258,
    #259,#260,#261,#262,#263,#264,#265,#266,#267,#268,#269,#270,#271,
    #272,#273,#274,#275,#276,#277,#278,#279,#280,#281,#282,#283,#284,
    #285,#286,#287,#288,#289,#290,#291,#292,#293,#294,#295,#296,#297,
    #298,#299,#300,#301,#302,#303,#304,#305,#306,#307,#308,#309,#310,
    #311,#312,#313,#314,#315,#316,#317),.UNSPECIFIED.,.T.,.F.,(8,6,6,6,6
    ,6,6,6,6,6,6,6,6,6,6,6,6,6,6,6,6,6,6,6,6,6,6,6,6,6,8),(0.,
    5.829151496819E-02,9.288210914584E-02,0.13558424689,0.166329268168,
    0.189621256126,0.246173822153,0.303174548206,0.325694877017,
    0.332883463595,0.33827490353,0.357531214583,0.401839818378,
    0.438630551366,0.458637028329,0.498625324833,0.538613621337,
    0.5586200983,0.595410831288,0.639719435083,0.655366780228,
    0.663506212963,0.671659075491,0.694362366527,0.751826184385,
    0.808838201223,0.832319420608,0.863314224097,0.906363287423,
    0.941234906453,1.),.UNSPECIFIED.);
#136 = CARTESIAN_POINT('',(84.59051693633,5.684341886081E-14,0.));
#137 = CARTESIAN_POINT('',(84.590517357409,-4.056987248781,0.));
#138 = CARTESIAN_POINT('',(84.235821644326,-8.11654938775,0.));
#139 = CARTESIAN_POINT('',(83.525635756641,-12.13658417287,0.));
#140 = CARTESIAN_POINT('',(82.471814792804,-16.08153262296,0.));
#141 = CARTESIAN_POINT('',(81.093332771183,-19.92114923856,0.));
#142 = CARTESIAN_POINT('',(79.414518722337,-23.63008062542,0.));
#143 = CARTESIAN_POINT('',(76.305976425368,-29.29853849121,0.));
#144 = CARTESIAN_POINT('',(75.052166071533,-31.35683560695,0.));
#145 = CARTESIAN_POINT('',(73.707707405982,-33.35858441218,0.));
#146 = CARTESIAN_POINT('',(72.278249596513,-35.30077574528,0.));
#147 = CARTESIAN_POINT('',(70.769405282087,-37.18108880788,0.));
#148 = CARTESIAN_POINT('',(69.186603749241,-38.99778435626,0.));
#149 = CARTESIAN_POINT('',(65.496059005132,-42.91227865012,0.));
#150 = CARTESIAN_POINT('',(63.352349832018,-44.97599234189,0.));
#151 = CARTESIAN_POINT('',(61.113449389869,-46.93855884555,0.));
#152 = CARTESIAN_POINT('',(58.78845991756,-48.79864647912,0.));
#153 = CARTESIAN_POINT('',(56.385850812445,-50.55562430592,0.));
#154 = CARTESIAN_POINT('',(53.913328377604,-52.2093999156,0.));
#155 = CARTESIAN_POINT('',(49.552109810618,-54.876880021,0.));
#156 = CARTESIAN_POINT('',(47.693868379266,-55.94010186459,0.));
#157 = CARTESIAN_POINT('',(45.805584122912,-56.9500296226,0.));
#158 = CARTESIAN_POINT('',(43.889707661878,-57.906811111,0.));
#159 = CARTESIAN_POINT('',(41.948544540331,-58.81063779231,0.));
#160 = CARTESIAN_POINT('',(39.984249522443,-59.66173323985,0.));
#161 = CARTESIAN_POINT('',(36.494688473934,-61.06535577222,0.));
#162 = CARTESIAN_POINT('',(34.97844029346,-61.64024004026,0.));
#163 = CARTESIAN_POINT('',(33.4509522336,-62.18509785126,0.));
#164 = CARTESIAN_POINT('',(31.913067486536,-62.70003248092,0.));
#165 = CARTESIAN_POINT('',(30.365596159354,-63.18514584315,0.));
#166 = CARTESIAN_POINT('',(28.809314883218,-63.64053729756,0.));
#167 = CARTESIAN_POINT('',(23.446752846652,-65.10005341108,0.));
#168 = CARTESIAN_POINT('',(19.601237948925,-65.9590846181,0.));
#169 = CARTESIAN_POINT('',(15.718734575596,-66.64488889297,0.));
#170 = CARTESIAN_POINT('',(11.809093821907,-67.15852296831,0.));
#171 = CARTESIAN_POINT('',(7.881728463453,-67.5007601953,0.));
#172 = CARTESIAN_POINT('',(3.945613054141,-67.67206843547,0.));
#173 = CARTESIAN_POINT('',(-3.958286596528,-67.67276067285,0.));
#174 = CARTESIAN_POINT('',(-7.925598449039,-67.49942416997,0.));
#175 = CARTESIAN_POINT('',(-11.88396836635,-67.15244413793,0.));
#176 = CARTESIAN_POINT('',(-15.82420782555,-66.6313397686,0.));
#177 = CARTESIAN_POINT('',(-19.7366709839,-65.93531646619,0.));
#178 = CARTESIAN_POINT('',(-23.61125467257,-65.06329023518,0.));
#179 = CARTESIAN_POINT('',(-28.94902841032,-63.5990595045,0.));
#180 = CARTESIAN_POINT('',(-30.4530774714,-63.1566888986,0.));
#181 = CARTESIAN_POINT('',(-31.94884740246,-62.68653070054,0.));
#182 = CARTESIAN_POINT('',(-33.43563513914,-62.18849530406,0.));
#183 = CARTESIAN_POINT('',(-34.9127083464,-61.66249092706,0.));
#184 = CARTESIAN_POINT('',(-36.37930575004,-61.10842462778,0.));
#185 = CARTESIAN_POINT('',(-38.29918564012,-60.34035576865,0.));
#186 = CARTESIAN_POINT('',(-38.76027898434,-60.1525623373,0.));
#187 = CARTESIAN_POINT('',(-39.21791017003,-59.96287220344,0.));
#188 = CARTESIAN_POINT('',(-39.67207320083,-59.77133405769,0.));
#189 = CARTESIAN_POINT('',(-40.12276341489,-59.57799610476,0.));
#190 = CARTESIAN_POINT('',(-40.56997748491,-59.38290606341,0.));
#191 = CARTESIAN_POINT('',(-41.34673680148,-59.03841945956,0.));
#192 = CARTESIAN_POINT('',(-41.67747036163,-58.88990360784,0.));
#193 = CARTESIAN_POINT('',(-42.00594054654,-58.74059957817,0.));
#194 = CARTESIAN_POINT('',(-42.33253273828,-58.59035558548,0.));
#195 = CARTESIAN_POINT('',(-42.65799125299,-58.43883209284,0.));
#196 = CARTESIAN_POINT('',(-42.98341934087,-58.28550181144,0.));
#197 = CARTESIAN_POINT('',(-44.4754013072,-57.57407213045,0.));
#198 = CARTESIAN_POINT('',(-45.63134282231,-56.99924030535,0.));
#199 = CARTESIAN_POINT('',(-46.7776161588,-56.40510837338,0.));
#200 = CARTESIAN_POINT('',(-47.91371200615,-55.79163567493,0.));
#201 = CARTESIAN_POINT('',(-49.03909990118,-55.15878783045,0.));
#202 = CARTESIAN_POINT('',(-50.15322881301,-54.50653782831,0.));
#203 = CARTESIAN_POINT('',(-53.79190796618,-52.2893584608,0.));
#204 = CARTESIAN_POINT('',(-56.26554430852,-50.64109294276,0.));
#205 = CARTESIAN_POINT('',(-58.66964029688,-48.88976485252,0.));
#206 = CARTESIAN_POINT('',(-60.99652407469,-47.03545353691,0.));
#207 = CARTESIAN_POINT('',(-63.23776428396,-45.07877012567,0.));
#208 = CARTESIAN_POINT('',(-65.38429811571,-43.02101771298,0.));
#209 = CARTESIAN_POINT('',(-69.12233085813,-39.0736331111,0.));
#210 = CARTESIAN_POINT('',(-70.74614212392,-37.21478652443,0.));
#211 = CARTESIAN_POINT('',(-72.29249158598,-35.28913239992,0.));
#212 = CARTESIAN_POINT('',(-73.75554366409,-33.29852977984,0.));
#213 = CARTESIAN_POINT('',(-75.12925955057,-31.24547684543,0.));
#214 = CARTESIAN_POINT('',(-76.4075630852,-29.13323137406,0.));
#215 = CARTESIAN_POINT('',(-78.2245913221,-25.78742362608,0.));
#216 = CARTESIAN_POINT('',(-78.83467152645,-24.59260900847,0.));
#217 = CARTESIAN_POINT('',(-79.41384460872,-23.38219543025,0.));
#218 = CARTESIAN_POINT('',(-79.96118097026,-22.15692848894,0.));
#219 = CARTESIAN_POINT('',(-80.4757834433,-20.9176298717,0.));
#220 = CARTESIAN_POINT('',(-80.95679943903,-19.66520274316,0.));
#221 = CARTESIAN_POINT('',(-82.29614981366,-15.87306469171,0.));
#222 = CARTESIAN_POINT('',(-83.05162827995,-13.29666184456,0.));
#223 = CARTESIAN_POINT('',(-83.66328733893,-10.67977452917,0.));
#224 = CARTESIAN_POINT('',(-84.12589747967,-8.031469806525,0.));
#225 = CARTESIAN_POINT('',(-84.43566840532,-5.361548322793,0.));
#226 = CARTESIAN_POINT('',(-84.5905171776,-2.680585292049,0.));
#227 = CARTESIAN_POINT('',(-84.5905171776,2.680585292029,0.));
#228 = CARTESIAN_POINT('',(-84.43566840532,5.361548322773,0.));
#229 = CARTESIAN_POINT('',(-84.12589747967,8.031469806505,0.));
#230 = CARTESIAN_POINT('',(-83.66328733894,10.679774529153,0.));
#231 = CARTESIAN_POINT('',(-83.05162827995,13.296661844545,0.));
#232 = CARTESIAN_POINT('',(-82.29614981367,15.873064691694,0.));
#233 = CARTESIAN_POINT('',(-80.95679943904,19.665202743144,0.));
#234 = CARTESIAN_POINT('',(-80.4757834433,20.917629871686,0.));
#235 = CARTESIAN_POINT('',(-79.96118097027,22.156928488923,0.));
#236 = CARTESIAN_POINT('',(-79.41384460873,23.38219543024,0.));
#237 = CARTESIAN_POINT('',(-78.83467152646,24.592609008454,0.));
#238 = CARTESIAN_POINT('',(-78.22459132211,25.787423626064,0.));
#239 = CARTESIAN_POINT('',(-76.40756308521,29.133231374046,0.));
#240 = CARTESIAN_POINT('',(-75.12925955058,31.245476845406,0.));
#241 = CARTESIAN_POINT('',(-73.75554366411,33.298529779836,0.));
#242 = CARTESIAN_POINT('',(-72.292491586,35.289132399908,0.));
#243 = CARTESIAN_POINT('',(-70.74614212393,37.214786524407,0.));
#244 = CARTESIAN_POINT('',(-69.12233085815,39.07363311109,0.));
#245 = CARTESIAN_POINT('',(-65.38429811572,43.021017712974,0.));
#246 = CARTESIAN_POINT('',(-63.23776428398,45.078770125649,0.));
#247 = CARTESIAN_POINT('',(-60.9965240747,47.035453536909,0.));
#248 = CARTESIAN_POINT('',(-58.6696402969,48.889764852522,0.));
#249 = CARTESIAN_POINT('',(-56.26554430854,50.641092942742,0.));
#250 = CARTESIAN_POINT('',(-53.79190796619,52.289358460799,0.));
#251 = CARTESIAN_POINT('',(-50.35981846849,54.380655396473,0.));
#252 = CARTESIAN_POINT('',(-49.45629736781,54.913620304247,0.));
#253 = CARTESIAN_POINT('',(-48.54527152225,55.433772044592,0.));
#254 = CARTESIAN_POINT('',(-47.62703877028,55.941124062255,0.));
#255 = CARTESIAN_POINT('',(-46.70188769277,56.435693038048,0.));
#256 = CARTESIAN_POINT('',(-45.770097613,56.917498888844,0.));
#257 = CARTESIAN_POINT('',(-44.34384142499,57.630606446863,0.));
#258 = CARTESIAN_POINT('',(-43.85359561187,57.871410775835,0.));
#259 = CARTESIAN_POINT('',(-43.36380687094,58.10768652856,0.));
#260 = CARTESIAN_POINT('',(-42.87538745908,58.339119917799,0.));
#261 = CARTESIAN_POINT('',(-42.38749784446,58.566254110356,0.));
#262 = CARTESIAN_POINT('',(-41.89748837455,58.790368742417,0.));
#263 = CARTESIAN_POINT('',(-40.90457320584,59.236179757479,0.));
#264 = CARTESIAN_POINT('',(-40.403902093,59.456879611807,0.));
#265 = CARTESIAN_POINT('',(-39.89882952682,59.67539211203,0.));
#266 = CARTESIAN_POINT('',(-39.38935955179,59.891649585619,0.));
#267 = CARTESIAN_POINT('',(-38.87549833573,60.105583573353,0.));
#268 = CARTESIAN_POINT('',(-38.35725416975,60.317124829322,0.));
#269 = CARTESIAN_POINT('',(-36.37930575005,61.10842462778,0.));
#270 = CARTESIAN_POINT('',(-34.91270834642,61.662490927054,0.));
#271 = CARTESIAN_POINT('',(-33.43563513916,62.188495304054,0.));
#272 = CARTESIAN_POINT('',(-31.94884740248,62.686530700542,0.));
#273 = CARTESIAN_POINT('',(-30.45307747142,63.156688898599,0.));
#274 = CARTESIAN_POINT('',(-28.94902841034,63.599059504503,0.));
#275 = CARTESIAN_POINT('',(-23.61125467259,65.063290235172,0.));
#276 = CARTESIAN_POINT('',(-19.73667098392,65.935316466198,0.));
#277 = CARTESIAN_POINT('',(-15.82420782557,66.631339768592,0.));
#278 = CARTESIAN_POINT('',(-11.88396836637,67.152444137926,0.));
#279 = CARTESIAN_POINT('',(-7.925598449053,67.499424169983,0.));
#280 = CARTESIAN_POINT('',(-3.958286596549,67.672760672848,0.));
#281 = CARTESIAN_POINT('',(3.945613054124,67.672068435476,0.));
#282 = CARTESIAN_POINT('',(7.881728463429,67.500760195311,0.));
#283 = CARTESIAN_POINT('',(11.809093821894,67.158522968315,0.));
#284 = CARTESIAN_POINT('',(15.718734575581,66.644888892972,0.));
#285 = CARTESIAN_POINT('',(19.601237948899,65.959084618109,0.));
#286 = CARTESIAN_POINT('',(23.446752846639,65.100053411091,0.));
#287 = CARTESIAN_POINT('',(28.8093148832,63.640537297575,0.));
#288 = CARTESIAN_POINT('',(30.365596159338,63.185145843154,0.));
#289 = CARTESIAN_POINT('',(31.91306748652,62.700032480931,0.));
#290 = CARTESIAN_POINT('',(33.450952233583,62.185097851272,0.));
#291 = CARTESIAN_POINT('',(34.978440293444,61.640240040272,0.));
#292 = CARTESIAN_POINT('',(36.494688473919,61.065355772233,0.));
#293 = CARTESIAN_POINT('',(39.984249522429,59.661733239858,0.));
#294 = CARTESIAN_POINT('',(41.948544540315,58.810637792317,0.));
#295 = CARTESIAN_POINT('',(43.889707661863,57.906811111014,0.));
#296 = CARTESIAN_POINT('',(45.805584122899,56.950029622612,0.));
#297 = CARTESIAN_POINT('',(47.693868379254,55.940101864607,0.));
#298 = CARTESIAN_POINT('',(49.552109810604,54.876880021015,0.));
#299 = CARTESIAN_POINT('',(53.91332837758,52.209399915622,0.));
#300 = CARTESIAN_POINT('',(56.385850812456,50.555624305922,0.));
#301 = CARTESIAN_POINT('',(58.78845991754,48.798646479135,0.));
#302 = CARTESIAN_POINT('',(61.113449389844,46.938558845565,0.));
#303 = CARTESIAN_POINT('',(63.352349832025,44.975992341892,0.));
#304 = CARTESIAN_POINT('',(65.496059005117,42.912278650133,0.));
#305 = CARTESIAN_POINT('',(69.186603749243,38.99778435626,0.));
#306 = CARTESIAN_POINT('',(70.769405282057,37.181088807917,0.));
#307 = CARTESIAN_POINT('',(72.278249596517,35.300775745281,0.));
#308 = CARTESIAN_POINT('',(73.70770740599,33.358584412185,0.));
#309 = CARTESIAN_POINT('',(75.052166071508,31.356835606986,0.));
#310 = CARTESIAN_POINT('',(76.30597642537,29.298538491215,0.));
#311 = CARTESIAN_POINT('',(79.414518722288,23.630080625424,0.));
#312 = CARTESIAN_POINT('',(81.093332771359,19.921149238605,0.));
#313 = CARTESIAN_POINT('',(82.471814792476,16.081532622913,0.));
#314 = CARTESIAN_POINT('',(83.525635756974,12.136584172924,0.));
#315 = CARTESIAN_POINT('',(84.235821644138,8.11654938773,0.));
#316 = CARTESIAN_POINT('',(84.590517357457,4.056987248787,0.));
#317 = CARTESIAN_POINT('',(84.59051693633,1.42108547152E-14,0.));
#318 = FACE_BOUND('',#319,.T.);
#319 = EDGE_LOOP('',(#320));
#320 = ORIENTED_EDGE('',*,*,#321,.T.);
#321 = EDGE_CURVE('',#322,#322,#324,.T.);
#322 = VERTEX_POINT('',#323);
#323 = CARTESIAN_POINT('',(-37.,69.282032302755,0.));
#324 = CIRCLE('',#325,3.);
#325 = AXIS2_PLACEMENT_3D('',#326,#327,#328);
#326 = CARTESIAN_POINT('',(-40.,69.282032302755,0.));
#327 = DIRECTION('',(0.,0.,-1.));
#328 = DIRECTION('',(1.,0.,0.));
#329 = FACE_BOUND('',#330,.T.);
#330 = EDGE_LOOP('',(#331));
#331 = ORIENTED_EDGE('',*,*,#332,.T.);
#332 = EDGE_CURVE('',#333,#333,#335,.T.);
#333 = VERTEX_POINT('',#334);
#334 = CARTESIAN_POINT('',(43.,69.282032302755,0.));
#335 = CIRCLE('',#336,3.);
#336 = AXIS2_PLACEMENT_3D('',#337,#338,#339);
#337 = CARTESIAN_POINT('',(40.,69.282032302755,0.));
#338 = DIRECTION('',(0.,0.,-1.));
#339 = DIRECTION('',(1.,0.,0.));
#340 = PLANE('',#341);
#341 = AXIS2_PLACEMENT_3D('',#342,#343,#344);
#342 = CARTESIAN_POINT('',(-100.,-100.,0.));
#343 = DIRECTION('',(0.,0.,1.));
#344 = DIRECTION('',(1.,0.,0.));
#345 = ADVANCED_FACE('',(#346),#364,.T.);
#346 = FACE_BOUND('',#347,.T.);
#347 = EDGE_LOOP('',(#348,#356,#357,#358));
#348 = ORIENTED_EDGE('',*,*,#349,.F.);
#349 = EDGE_CURVE('',#32,#350,#352,.T.);
#350 = VERTEX_POINT('',#351);
#351 = CARTESIAN_POINT('',(100.,100.,-10.));
#352 = LINE('',#353,#354);
#353 = CARTESIAN_POINT('',(-100.,100.,-10.));
#354 = VECTOR('',#355,1.);
#355 = DIRECTION('',(1.,0.,0.));
#356 = ORIENTED_EDGE('',*,*,#39,.T.);
#357 = ORIENTED_EDGE('',*,*,#102,.T.);
#358 = ORIENTED_EDGE('',*,*,#359,.F.);
#359 = EDGE_CURVE('',#350,#95,#360,.T.);
#360 = LINE('',#361,#362);
#361 = CARTESIAN_POINT('',(100.,100.,-10.));
#362 = VECTOR('',#363,1.);
#363 = DIRECTION('',(0.,0.,1.));
#364 = PLANE('',#365);
#365 = AXIS2_PLACEMENT_3D('',#366,#367,#368);
#366 = CARTESIAN_POINT('',(-100.,100.,-10.));
#367 = DIRECTION('',(0.,1.,0.));
#368 = DIRECTION('',(0.,0.,1.));
#369 = ADVANCED_FACE('',(#370,#381,#392,#403,#806,#817),#828,.F.);
#370 = FACE_BOUND('',#371,.F.);
#371 = EDGE_LOOP('',(#372,#373,#374,#380));
#372 = ORIENTED_EDGE('',*,*,#31,.F.);
#373 = ORIENTED_EDGE('',*,*,#61,.T.);
#374 = ORIENTED_EDGE('',*,*,#375,.T.);
#375 = EDGE_CURVE('',#62,#350,#376,.T.);
#376 = LINE('',#377,#378);
#377 = CARTESIAN_POINT('',(100.,-100.,-10.));
#378 = VECTOR('',#379,1.);
#379 = DIRECTION('',(0.,1.,0.));
#380 = ORIENTED_EDGE('',*,*,#349,.F.);
#381 = FACE_BOUND('',#382,.F.);
#382 = EDGE_LOOP('',(#383));
#383 = ORIENTED_EDGE('',*,*,#384,.T.);
#384 = EDGE_CURVE('',#385,#385,#387,.T.);
#385 = VERTEX_POINT('',#386);
#386 = CARTESIAN_POINT('',(-37.,-69.28203230275,-10.));
#387 = CIRCLE('',#388,3.);
#388 = AXIS2_PLACEMENT_3D('',#389,#390,#391);
#389 = CARTESIAN_POINT('',(-40.,-69.28203230275,-10.));
#390 = DIRECTION('',(0.,0.,-1.));
#391 = DIRECTION('',(1.,0.,0.));
#392 = FACE_BOUND('',#393,.F.);
#393 = EDGE_LOOP('',(#394));
#394 = ORIENTED_EDGE('',*,*,#395,.T.);
#395 = EDGE_CURVE('',#396,#396,#398,.T.);
#396 = VERTEX_POINT('',#397);
#397 = CARTESIAN_POINT('',(43.,-69.28203230275,-10.));
#398 = CIRCLE('',#399,3.);
#399 = AXIS2_PLACEMENT_3D('',#400,#401,#402);
#400 = CARTESIAN_POINT('',(40.,-69.28203230275,-10.));
#401 = DIRECTION('',(0.,0.,-1.));
#402 = DIRECTION('',(1.,0.,0.));
#403 = FACE_BOUND('',#404,.F.);
#404 = EDGE_LOOP('',(#405,#416,#425,#612,#621));
#405 = ORIENTED_EDGE('',*,*,#406,.T.);
#406 = EDGE_CURVE('',#407,#409,#411,.T.);
#407 = VERTEX_POINT('',#408);
#408 = CARTESIAN_POINT('',(79.912136499397,2.998713058174,-10.));
#409 = VERTEX_POINT('',#410);
#410 = CARTESIAN_POINT('',(83.,-7.347880794884E-16,-10.));
#411 = CIRCLE('',#412,3.);
#412 = AXIS2_PLACEMENT_3D('',#413,#414,#415);
#413 = CARTESIAN_POINT('',(80.,0.,-10.));
#414 = DIRECTION('',(0.,0.,-1.));
#415 = DIRECTION('',(1.,0.,0.));
#416 = ORIENTED_EDGE('',*,*,#417,.T.);
#417 = EDGE_CURVE('',#409,#418,#420,.T.);
#418 = VERTEX_POINT('',#419);
#419 = CARTESIAN_POINT('',(79.912136499397,-2.998713058174,-10.));
#420 = CIRCLE('',#421,3.);
#421 = AXIS2_PLACEMENT_3D('',#422,#423,#424);
#422 = CARTESIAN_POINT('',(80.,0.,-10.));
#423 = DIRECTION('',(0.,0.,-1.));
#424 = DIRECTION('',(1.,0.,0.));
#425 = ORIENTED_EDGE('',*,*,#426,.T.);
#426 = EDGE_CURVE('',#418,#427,#429,.T.);
#427 = VERTEX_POINT('',#428);
#428 = CARTESIAN_POINT('',(-79.91213656026,-2.998713059957,-10.));
#429 = B_SPLINE_CURVE_WITH_KNOTS('',7,(#430,#431,#432,#433,#434,#435,
    #436,#437,#438,#439,#440,#441,#442,#443,#444,#445,#446,#447,#448,
    #449,#450,#451,#452,#453,#454,#455,#456,#457,#458,#459,#460,#461,
    #462,#463,#464,#465,#466,#467,#468,#469,#470,#471,#472,#473,#474,
    #475,#476,#477,#478,#479,#480,#481,#482,#483,#484,#485,#486,#487,
    #488,#489,#490,#491,#492,#493,#494,#495,#496,#497,#498,#499,#500,
    #501,#502,#503,#504,#505,#506,#507,#508,#509,#510,#511,#512,#513,
    #514,#515,#516,#517,#518,#519,#520,#521,#522,#523,#524,#525,#526,
    #527,#528,#529,#530,#531,#532,#533,#534,#535,#536,#537,#538,#539,
    #540,#541,#542,#543,#544,#545,#546,#547,#548,#549,#550,#551,#552,
    #553,#554,#555,#556,#557,#558,#559,#560,#561,#562,#563,#564,#565,
    #566,#567,#568,#569,#570,#571,#572,#573,#574,#575,#576,#577,#578,
    #579,#580,#581,#582,#583,#584,#585,#586,#587,#588,#589,#590,#591,
    #592,#593,#594,#595,#596,#597,#598,#599,#600,#601,#602,#603,#604,
    #605,#606,#607,#608,#609,#610,#611),.UNSPECIFIED.,.T.,.F.,(8,6,6,6,6
    ,6,6,6,6,6,6,6,6,6,6,6,6,6,6,6,6,6,6,6,6,6,6,6,6,6,8),(0.,
    5.829182719795E-02,9.28824549191E-02,0.135584547675,0.166329504353,
    0.189621435601,0.246173871435,0.3031745491,0.325694853454,
    0.33288345601,0.338274907928,0.35753125179,0.40183987885,
    0.438630605214,0.458637076021,0.498625360744,0.538613645466,
    0.558620116273,0.595410842637,0.639719469697,0.655366840013,
    0.663506289476,0.671659168409,0.694362430007,0.751826186979,
    0.808838060557,0.832319217825,0.863313949661,0.906362958564,
    0.941234604065,1.),.UNSPECIFIED.);
#430 = CARTESIAN_POINT('',(80.,4.263256414561E-14,-10.));
#431 = CARTESIAN_POINT('',(80.000000398135,-3.836810018377,-10.));
#432 = CARTESIAN_POINT('',(79.664555696882,-7.676061073922,-10.));
#433 = CARTESIAN_POINT('',(78.992913094634,-11.47793542405,-10.));
#434 = CARTESIAN_POINT('',(77.996282708718,-15.20880305352,-10.));
#435 = CARTESIAN_POINT('',(76.692607705492,-18.84005892634,-10.));
#436 = CARTESIAN_POINT('',(75.104896068806,-22.34772447139,-10.));
#437 = CARTESIAN_POINT('',(72.165042294248,-27.70857713526,-10.));
#438 = CARTESIAN_POINT('',(70.97927420138,-29.65517414674,-10.));
#439 = CARTESIAN_POINT('',(69.707776616935,-31.54829252897,-10.));
#440 = CARTESIAN_POINT('',(68.355892049812,-33.38508626404,-10.));
#441 = CARTESIAN_POINT('',(66.928928494926,-35.16336035087,-10.));
#442 = CARTESIAN_POINT('',(65.432020574772,-36.88146979171,-10.));
#443 = CARTESIAN_POINT('',(61.941752593689,-40.58353413272,-10.));
#444 = CARTESIAN_POINT('',(59.914378417002,-42.53525427787,-10.));
#445 = CARTESIAN_POINT('',(57.796978148428,-44.39131696791,-10.));
#446 = CARTESIAN_POINT('',(55.59816005275,-46.1504625991,-10.));
#447 = CARTESIAN_POINT('',(53.325933925406,-47.81209431501,-10.));
#448 = CARTESIAN_POINT('',(50.987587904456,-49.37612458248,-10.));
#449 = CARTESIAN_POINT('',(46.863040620732,-51.89884791183,-10.));
#450 = CARTESIAN_POINT('',(45.105641668966,-52.90437118714,-10.));
#451 = CARTESIAN_POINT('',(43.3198300451,-53.85949264414,-10.));
#452 = CARTESIAN_POINT('',(41.507923396414,-54.76435204162,-10.));
#453 = CARTESIAN_POINT('',(39.67210216964,-55.61913042216,-10.));
#454 = CARTESIAN_POINT('',(37.814404216713,-56.42403920149,-10.));
#455 = CARTESIAN_POINT('',(34.514212639945,-57.75149076168,-10.));
#456 = CARTESIAN_POINT('',(33.080247546536,-58.29517746838,-10.));
#457 = CARTESIAN_POINT('',(31.635652484001,-58.81046720008,-10.));
#458 = CARTESIAN_POINT('',(30.181224896335,-59.29745762049,-10.));
#459 = CARTESIAN_POINT('',(28.717730938266,-59.75624510686,-10.));
#460 = CARTESIAN_POINT('',(27.245905105721,-60.18692362209,-10.));
#461 = CARTESIAN_POINT('',(22.17435522665,-61.56723562939,-10.));
#462 = CARTESIAN_POINT('',(18.537526121257,-62.37964948398,-10.));
#463 = CARTESIAN_POINT('',(14.865715916662,-63.02823689999,-10.));
#464 = CARTESIAN_POINT('',(11.168241283693,-63.51399726076,-10.));
#465 = CARTESIAN_POINT('',(7.45400436391,-63.83766198383,-10.));
#466 = CARTESIAN_POINT('',(3.731492872289,-63.99967361501,-10.));
#467 = CARTESIAN_POINT('',(-3.743484093317,-64.00032828649,-10.));
#468 = CARTESIAN_POINT('',(-7.495502816326,-63.8363979868,-10.));
#469 = CARTESIAN_POINT('',(-11.23906375362,-63.50824715441,-10.));
#470 = CARTESIAN_POINT('',(-14.9654767629,-63.01542126928,-10.));
#471 = CARTESIAN_POINT('',(-18.66561919127,-62.35716911514,-10.));
#472 = CARTESIAN_POINT('',(-22.32993585719,-61.53246588005,-10.));
#473 = CARTESIAN_POINT('',(-27.37803783064,-60.14769615782,-10.));
#474 = CARTESIAN_POINT('',(-28.80046692791,-59.72933209665,-10.));
#475 = CARTESIAN_POINT('',(-30.21506560594,-59.28468796466,-10.));
#476 = CARTESIAN_POINT('',(-31.62116899232,-58.81367924377,-10.));
#477 = CARTESIAN_POINT('',(-33.01808468987,-58.31621984643,-10.));
#478 = CARTESIAN_POINT('',(-34.40509277667,-57.79222211563,-10.));
#479 = CARTESIAN_POINT('',(-36.22078410416,-57.06583475693,-10.));
#480 = CARTESIAN_POINT('',(-36.65685505954,-56.88823240797,-10.));
#481 = CARTESIAN_POINT('',(-37.08965173914,-56.70883628582,-10.));
#482 = CARTESIAN_POINT('',(-37.51916847198,-56.52769243879,-10.));
#483 = CARTESIAN_POINT('',(-37.94540084921,-56.34484645564,-10.));
#484 = CARTESIAN_POINT('',(-38.3683457241,-56.16034346555,-10.));
#485 = CARTESIAN_POINT('',(-39.10295224473,-55.83455129279,-10.));
#486 = CARTESIAN_POINT('',(-39.41573771726,-55.69409502691,-10.));
#487 = CARTESIAN_POINT('',(-39.7263826423,-55.55289335553,-10.));
#488 = CARTESIAN_POINT('',(-40.0352514882,-55.4108027306,-10.));
#489 = CARTESIAN_POINT('',(-40.34304817889,-55.26750204099,-10.));
#490 = CARTESIAN_POINT('',(-40.65081609393,-55.12249261256,-10.));
#491 = CARTESIAN_POINT('',(-42.06183133848,-54.44967072332,-10.));
#492 = CARTESIAN_POINT('',(-43.15504243267,-53.9060337817,-10.));
#493 = CARTESIAN_POINT('',(-44.23911021839,-53.34414401371,-10.));
#494 = CARTESIAN_POINT('',(-45.3135530057,-52.76396296117,-10.));
#495 = CARTESIAN_POINT('',(-46.37786910058,-52.16545810596,-10.));
#496 = CARTESIAN_POINT('',(-47.43153735815,-51.54860389878,-10.));
#497 = CARTESIAN_POINT('',(-50.8727532107,-49.45174609235,-10.));
#498 = CARTESIAN_POINT('',(-53.21215058796,-47.89292856728,-10.));
#499 = CARTESIAN_POINT('',(-55.48578205272,-46.23664106593,-10.));
#500 = CARTESIAN_POINT('',(-57.68639192311,-44.48295861419,-10.));
#501 = CARTESIAN_POINT('',(-59.80600624851,-42.63245917627,-10.));
#502 = CARTESIAN_POINT('',(-61.83605390672,-40.68637514434,-10.));
#503 = CARTESIAN_POINT('',(-65.3712335969,-36.95320456094,-10.));
#504 = CARTESIAN_POINT('',(-66.90692453545,-35.19523314299,-10.));
#505 = CARTESIAN_POINT('',(-68.36935745215,-33.3740795451,-10.));
#506 = CARTESIAN_POINT('',(-69.75301340497,-31.49150194047,-10.));
#507 = CARTESIAN_POINT('',(-71.05218126187,-29.5498629593,-10.));
#508 = CARTESIAN_POINT('',(-72.26111457328,-27.55224360809,-10.));
#509 = CARTESIAN_POINT('',(-73.97953732501,-24.38800430777,-10.));
#510 = CARTESIAN_POINT('',(-74.55650999177,-23.25802931386,-10.));
#511 = CARTESIAN_POINT('',(-75.10425279267,-22.11330186933,-10.));
#512 = CARTESIAN_POINT('',(-75.6218865741,-20.95452711256,-10.));
#513 = CARTESIAN_POINT('',(-76.10856285402,-19.78248214214,-10.));
#514 = CARTESIAN_POINT('',(-76.56347531072,-18.59802111213,-10.));
#515 = CARTESIAN_POINT('',(-77.83014248838,-15.0116729139,-10.));
#516 = CARTESIAN_POINT('',(-78.54462302307,-12.57508501047,-10.));
#517 = CARTESIAN_POINT('',(-79.12308886506,-10.10020964338,-10.));
#518 = CARTESIAN_POINT('',(-79.56059429712,-7.595621831085,-10.));
#519 = CARTESIAN_POINT('',(-79.85355471699,-5.070590366145,-10.));
#520 = CARTESIAN_POINT('',(-80.00000022816,-2.535116567105,-10.));
#521 = CARTESIAN_POINT('',(-80.00000022816,2.535116567085,-10.));
#522 = CARTESIAN_POINT('',(-79.85355471699,5.070590366129,-10.));
#523 = CARTESIAN_POINT('',(-79.56059429713,7.595621831062,-10.));
#524 = CARTESIAN_POINT('',(-79.12308886506,10.100209643363,-10.));
#525 = CARTESIAN_POINT('',(-78.54462302307,12.575085010457,-10.));
#526 = CARTESIAN_POINT('',(-77.83014248838,15.01167291388,-10.));
#527 = CARTESIAN_POINT('',(-76.56347531073,18.598021112116,-10.));
#528 = CARTESIAN_POINT('',(-76.10856285403,19.782482142127,-10.));
#529 = CARTESIAN_POINT('',(-75.62188657411,20.954527112543,-10.));
#530 = CARTESIAN_POINT('',(-75.10425279268,22.113301869316,-10.));
#531 = CARTESIAN_POINT('',(-74.55650999178,23.258029313843,-10.));
#532 = CARTESIAN_POINT('',(-73.97953732502,24.388004307753,-10.));
#533 = CARTESIAN_POINT('',(-72.26111457329,27.552243608082,-10.));
#534 = CARTESIAN_POINT('',(-71.05218126188,29.549862959286,-10.));
#535 = CARTESIAN_POINT('',(-69.75301340498,31.491501940464,-10.));
#536 = CARTESIAN_POINT('',(-68.36935745216,33.374079545086,-10.));
#537 = CARTESIAN_POINT('',(-66.90692453546,35.195233142978,-10.));
#538 = CARTESIAN_POINT('',(-65.37123359691,36.953204560933,-10.));
#539 = CARTESIAN_POINT('',(-61.83605390674,40.686375144331,-10.));
#540 = CARTESIAN_POINT('',(-59.80600624851,42.632459176274,-10.));
#541 = CARTESIAN_POINT('',(-57.68639192313,44.482958614171,-10.));
#542 = CARTESIAN_POINT('',(-55.48578205274,46.236641065921,-10.));
#543 = CARTESIAN_POINT('',(-53.21215058797,47.892928567288,-10.));
#544 = CARTESIAN_POINT('',(-50.87275321072,49.451746092345,-10.));
#545 = CARTESIAN_POINT('',(-47.62691607799,51.429552689136,-10.));
#546 = CARTESIAN_POINT('',(-46.77242659714,51.933595040662,-10.));
#547 = CARTESIAN_POINT('',(-45.91083973278,52.425519498658,-10.));
#548 = CARTESIAN_POINT('',(-45.04243716949,52.90533878007,-10.));
#549 = CARTESIAN_POINT('',(-44.16749183691,53.373068662625,-10.));
#550 = CARTESIAN_POINT('',(-43.28626790976,53.828727984831,-10.));
#551 = CARTESIAN_POINT('',(-41.93741143578,54.503136799945,-10.));
#552 = CARTESIAN_POINT('',(-41.47377008297,54.730873258019,-10.));
#553 = CARTESIAN_POINT('',(-41.01056095466,54.954326915171,-10.));
#554 = CARTESIAN_POINT('',(-40.54864681773,55.173201005143,-10.));
#555 = CARTESIAN_POINT('',(-40.08723375509,55.388009191987,-10.));
#556 = CARTESIAN_POINT('',(-39.62381591995,55.599961661611,-10.));
#557 = CARTESIAN_POINT('',(-38.68478376755,56.021579631264,-10.));
#558 = CARTESIAN_POINT('',(-38.21128283059,56.230302653485,-10.));
#559 = CARTESIAN_POINT('',(-37.73361929622,56.436957023868,-10.));
#560 = CARTESIAN_POINT('',(-37.25179698943,56.641478742302,-10.));
#561 = CARTESIAN_POINT('',(-36.76582174334,56.84380306468,-10.));
#562 = CARTESIAN_POINT('',(-36.27570139912,57.043864502894,-10.));
#563 = CARTESIAN_POINT('',(-34.40509277669,57.792222115626,-10.));
#564 = CARTESIAN_POINT('',(-33.01808468989,58.31621984643,-10.));
#565 = CARTESIAN_POINT('',(-31.62116899233,58.813679243764,-10.));
#566 = CARTESIAN_POINT('',(-30.21506560596,59.284687964656,-10.));
#567 = CARTESIAN_POINT('',(-28.80046692793,59.729332096651,-10.));
#568 = CARTESIAN_POINT('',(-27.37803783065,60.147696157817,-10.));
#569 = CARTESIAN_POINT('',(-22.32993585721,61.532465880056,-10.));
#570 = CARTESIAN_POINT('',(-18.66561919129,62.357169115143,-10.));
#571 = CARTESIAN_POINT('',(-14.96547676291,63.015421269284,-10.));
#572 = CARTESIAN_POINT('',(-11.23906375364,63.508247154409,-10.));
#573 = CARTESIAN_POINT('',(-7.495502816341,63.836397986796,-10.));
#574 = CARTESIAN_POINT('',(-3.743484093336,64.000328286498,-10.));
#575 = CARTESIAN_POINT('',(3.731492872273,63.999673615018,-10.));
#576 = CARTESIAN_POINT('',(7.454004363886,63.837661983829,-10.));
#577 = CARTESIAN_POINT('',(11.168241283681,63.513997260775,-10.));
#578 = CARTESIAN_POINT('',(14.865715916649,63.028236899998,-10.));
#579 = CARTESIAN_POINT('',(18.537526121231,62.37964948398,-10.));
#580 = CARTESIAN_POINT('',(22.174355226639,61.567235629405,-10.));
#581 = CARTESIAN_POINT('',(27.245905105704,60.186923622096,-10.));
#582 = CARTESIAN_POINT('',(28.71773093825,59.75624510687,-10.));
#583 = CARTESIAN_POINT('',(30.18122489632,59.297457620497,-10.));
#584 = CARTESIAN_POINT('',(31.635652483985,58.810467200086,-10.));
#585 = CARTESIAN_POINT('',(33.08024754652,58.29517746839,-10.));
#586 = CARTESIAN_POINT('',(34.51421263993,57.751490761693,-10.));
#587 = CARTESIAN_POINT('',(37.814404216699,56.424039201496,-10.));
#588 = CARTESIAN_POINT('',(39.672102169626,55.619130422177,-10.));
#589 = CARTESIAN_POINT('',(41.5079233964,54.764352041631,-10.));
#590 = CARTESIAN_POINT('',(43.319830045087,53.859492644154,-10.));
#591 = CARTESIAN_POINT('',(45.105641668953,52.904371187151,-10.));
#592 = CARTESIAN_POINT('',(46.86304062072,51.898847911847,-10.));
#593 = CARTESIAN_POINT('',(50.987587904434,49.376124582501,-10.));
#594 = CARTESIAN_POINT('',(53.325933925419,47.812094315008,-10.));
#595 = CARTESIAN_POINT('',(55.598160052725,46.150462599116,-10.));
#596 = CARTESIAN_POINT('',(57.796978148403,44.391316967932,-10.));
#597 = CARTESIAN_POINT('',(59.914378417018,42.535254277869,-10.));
#598 = CARTESIAN_POINT('',(61.94175259367,40.583534132738,-10.));
#599 = CARTESIAN_POINT('',(65.432020574774,36.88146979172,-10.));
#600 = CARTESIAN_POINT('',(66.9289284949,35.163360350881,-10.));
#601 = CARTESIAN_POINT('',(68.355892049813,33.385086264049,-10.));
#602 = CARTESIAN_POINT('',(69.70777661694,31.54829252898,-10.));
#603 = CARTESIAN_POINT('',(70.979274201359,29.655174146752,-10.));
#604 = CARTESIAN_POINT('',(72.165042294249,27.708577135271,-10.));
#605 = CARTESIAN_POINT('',(75.104896068809,22.347724471389,-10.));
#606 = CARTESIAN_POINT('',(76.69260770546,18.840058926404,-10.));
#607 = CARTESIAN_POINT('',(77.996282708777,15.208803053437,-10.));
#608 = CARTESIAN_POINT('',(78.992913094567,11.477935424153,-10.));
#609 = CARTESIAN_POINT('',(79.664555696921,7.676061073872,-10.));
#610 = CARTESIAN_POINT('',(80.000000398125,3.836810018392,-10.));
#611 = CARTESIAN_POINT('',(80.,1.42108547152E-14,-10.));
#612 = ORIENTED_EDGE('',*,*,#613,.T.);
#613 = EDGE_CURVE('',#427,#614,#616,.T.);
#614 = VERTEX_POINT('',#615);
#615 = CARTESIAN_POINT('',(-79.91213656026,2.998713059957,-10.));
#616 = CIRCLE('',#617,3.);
#617 = AXIS2_PLACEMENT_3D('',#618,#619,#620);
#618 = CARTESIAN_POINT('',(-80.,9.797174393179E-15,-10.));
#619 = DIRECTION('',(0.,0.,-1.));
#620 = DIRECTION('',(1.,0.,0.));
#621 = ORIENTED_EDGE('',*,*,#622,.T.);
#622 = EDGE_CURVE('',#614,#407,#623,.T.);
#623 = B_SPLINE_CURVE_WITH_KNOTS('',7,(#624,#625,#626,#627,#628,#629,
    #630,#631,#632,#633,#634,#635,#636,#637,#638,#639,#640,#641,#642,
    #643,#644,#645,#646,#647,#648,#649,#650,#651,#652,#653,#654,#655,
    #656,#657,#658,#659,#660,#661,#662,#663,#664,#665,#666,#667,#668,
    #669,#670,#671,#672,#673,#674,#675,#676,#677,#678,#679,#680,#681,
    #682,#683,#684,#685,#686,#687,#688,#689,#690,#691,#692,#693,#694,
    #695,#696,#697,#698,#699,#700,#701,#702,#703,#704,#705,#706,#707,
    #708,#709,#710,#711,#712,#713,#714,#715,#716,#717,#718,#719,#720,
    #721,#722,#723,#724,#725,#726,#727,#728,#729,#730,#731,#732,#733,
    #734,#735,#736,#737,#738,#739,#740,#741,#742,#743,#744,#745,#746,
    #747,#748,#749,#750,#751,#752,#753,#754,#755,#756,#757,#758,#759,
    #760,#761,#762,#763,#764,#765,#766,#767,#768,#769,#770,#771,#772,
    #773,#774,#775,#776,#777,#778,#779,#780,#781,#782,#783,#784,#785,
    #786,#787,#788,#789,#790,#791,#792,#793,#794,#795,#796,#797,#798,
    #799,#800,#801,#802,#803,#804,#805),.UNSPECIFIED.,.T.,.F.,(8,6,6,6,6
    ,6,6,6,6,6,6,6,6,6,6,6,6,6,6,6,6,6,6,6,6,6,6,6,6,6,8),(0.,
    5.829182719795E-02,9.28824549191E-02,0.135584547675,0.166329504353,
    0.189621435601,0.246173871435,0.3031745491,0.325694853454,
    0.33288345601,0.338274907928,0.35753125179,0.40183987885,
    0.438630605214,0.458637076021,0.498625360744,0.538613645466,
    0.558620116273,0.595410842637,0.639719469697,0.655366840013,
    0.663506289476,0.671659168409,0.694362430007,0.751826186979,
    0.808838060557,0.832319217825,0.863313949661,0.906362958564,
    0.941234604065,1.),.UNSPECIFIED.);
#624 = CARTESIAN_POINT('',(80.,4.263256414561E-14,-10.));
#625 = CARTESIAN_POINT('',(80.000000398135,-3.836810018377,-10.));
#626 = CARTESIAN_POINT('',(79.664555696882,-7.676061073922,-10.));
#627 = CARTESIAN_POINT('',(78.992913094634,-11.47793542405,-10.));
#628 = CARTESIAN_POINT('',(77.996282708718,-15.20880305352,-10.));
#629 = CARTESIAN_POINT('',(76.692607705492,-18.84005892634,-10.));
#630 = CARTESIAN_POINT('',(75.104896068806,-22.34772447139,-10.));
#631 = CARTESIAN_POINT('',(72.165042294248,-27.70857713526,-10.));
#632 = CARTESIAN_POINT('',(70.97927420138,-29.65517414674,-10.));
#633 = CARTESIAN_POINT('',(69.707776616935,-31.54829252897,-10.));
#634 = CARTESIAN_POINT('',(68.355892049812,-33.38508626404,-10.));
#635 = CARTESIAN_POINT('',(66.928928494926,-35.16336035087,-10.));
#636 = CARTESIAN_POINT('',(65.432020574772,-36.88146979171,-10.));
#637 = CARTESIAN_POINT('',(61.941752593689,-40.58353413272,-10.));
#638 = CARTESIAN_POINT('',(59.914378417002,-42.53525427787,-10.));
#639 = CARTESIAN_POINT('',(57.796978148428,-44.39131696791,-10.));
#640 = CARTESIAN_POINT('',(55.59816005275,-46.1504625991,-10.));
#641 = CARTESIAN_POINT('',(53.325933925406,-47.81209431501,-10.));
#642 = CARTESIAN_POINT('',(50.987587904456,-49.37612458248,-10.));
#643 = CARTESIAN_POINT('',(46.863040620732,-51.89884791183,-10.));
#644 = CARTESIAN_POINT('',(45.105641668966,-52.90437118714,-10.));
#645 = CARTESIAN_POINT('',(43.3198300451,-53.85949264414,-10.));
#646 = CARTESIAN_POINT('',(41.507923396414,-54.76435204162,-10.));
#647 = CARTESIAN_POINT('',(39.67210216964,-55.61913042216,-10.));
#648 = CARTESIAN_POINT('',(37.814404216713,-56.42403920149,-10.));
#649 = CARTESIAN_POINT('',(34.514212639945,-57.75149076168,-10.));
#650 = CARTESIAN_POINT('',(33.080247546536,-58.29517746838,-10.));
#651 = CARTESIAN_POINT('',(31.635652484001,-58.81046720008,-10.));
#652 = CARTESIAN_POINT('',(30.181224896335,-59.29745762049,-10.));
#653 = CARTESIAN_POINT('',(28.717730938266,-59.75624510686,-10.));
#654 = CARTESIAN_POINT('',(27.245905105721,-60.18692362209,-10.));
#655 = CARTESIAN_POINT('',(22.17435522665,-61.56723562939,-10.));
#656 = CARTESIAN_POINT('',(18.537526121257,-62.37964948398,-10.));
#657 = CARTESIAN_POINT('',(14.865715916662,-63.02823689999,-10.));
#658 = CARTESIAN_POINT('',(11.168241283693,-63.51399726076,-10.));
#659 = CARTESIAN_POINT('',(7.45400436391,-63.83766198383,-10.));
#660 = CARTESIAN_POINT('',(3.731492872289,-63.99967361501,-10.));
#661 = CARTESIAN_POINT('',(-3.743484093317,-64.00032828649,-10.));
#662 = CARTESIAN_POINT('',(-7.495502816326,-63.8363979868,-10.));
#663 = CARTESIAN_POINT('',(-11.23906375362,-63.50824715441,-10.));
#664 = CARTESIAN_POINT('',(-14.9654767629,-63.01542126928,-10.));
#665 = CARTESIAN_POINT('',(-18.66561919127,-62.35716911514,-10.));
#666 = CARTESIAN_POINT('',(-22.32993585719,-61.53246588005,-10.));
#667 = CARTESIAN_POINT('',(-27.37803783064,-60.14769615782,-10.));
#668 = CARTESIAN_POINT('',(-28.80046692791,-59.72933209665,-10.));
#669 = CARTESIAN_POINT('',(-30.21506560594,-59.28468796466,-10.));
#670 = CARTESIAN_POINT('',(-31.62116899232,-58.81367924377,-10.));
#671 = CARTESIAN_POINT('',(-33.01808468987,-58.31621984643,-10.));
#672 = CARTESIAN_POINT('',(-34.40509277667,-57.79222211563,-10.));
#673 = CARTESIAN_POINT('',(-36.22078410416,-57.06583475693,-10.));
#674 = CARTESIAN_POINT('',(-36.65685505954,-56.88823240797,-10.));
#675 = CARTESIAN_POINT('',(-37.08965173914,-56.70883628582,-10.));
#676 = CARTESIAN_POINT('',(-37.51916847198,-56.52769243879,-10.));
#677 = CARTESIAN_POINT('',(-37.94540084921,-56.34484645564,-10.));
#678 = CARTESIAN_POINT('',(-38.3683457241,-56.16034346555,-10.));
#679 = CARTESIAN_POINT('',(-39.10295224473,-55.83455129279,-10.));
#680 = CARTESIAN_POINT('',(-39.41573771726,-55.69409502691,-10.));
#681 = CARTESIAN_POINT('',(-39.7263826423,-55.55289335553,-10.));
#682 = CARTESIAN_POINT('',(-40.0352514882,-55.4108027306,-10.));
#683 = CARTESIAN_POINT('',(-40.34304817889,-55.26750204099,-10.));
#684 = CARTESIAN_POINT('',(-40.65081609393,-55.12249261256,-10.));
#685 = CARTESIAN_POINT('',(-42.06183133848,-54.44967072332,-10.));
#686 = CARTESIAN_POINT('',(-43.15504243267,-53.9060337817,-10.));
#687 = CARTESIAN_POINT('',(-44.23911021839,-53.34414401371,-10.));
#688 = CARTESIAN_POINT('',(-45.3135530057,-52.76396296117,-10.));
#689 = CARTESIAN_POINT('',(-46.37786910058,-52.16545810596,-10.));
#690 = CARTESIAN_POINT('',(-47.43153735815,-51.54860389878,-10.));
#691 = CARTESIAN_POINT('',(-50.8727532107,-49.45174609235,-10.));
#692 = CARTESIAN_POINT('',(-53.21215058796,-47.89292856728,-10.));
#693 = CARTESIAN_POINT('',(-55.48578205272,-46.23664106593,-10.));
#694 = CARTESIAN_POINT('',(-57.68639192311,-44.48295861419,-10.));
#695 = CARTESIAN_POINT('',(-59.80600624851,-42.63245917627,-10.));
#696 = CARTESIAN_POINT('',(-61.83605390672,-40.68637514434,-10.));
#697 = CARTESIAN_POINT('',(-65.3712335969,-36.95320456094,-10.));
#698 = CARTESIAN_POINT('',(-66.90692453545,-35.19523314299,-10.));
#699 = CARTESIAN_POINT('',(-68.36935745215,-33.3740795451,-10.));
#700 = CARTESIAN_POINT('',(-69.75301340497,-31.49150194047,-10.));
#701 = CARTESIAN_POINT('',(-71.05218126187,-29.5498629593,-10.));
#702 = CARTESIAN_POINT('',(-72.26111457328,-27.55224360809,-10.));
#703 = CARTESIAN_POINT('',(-73.97953732501,-24.38800430777,-10.));
#704 = CARTESIAN_POINT('',(-74.55650999177,-23.25802931386,-10.));
#705 = CARTESIAN_POINT('',(-75.10425279267,-22.11330186933,-10.));
#706 = CARTESIAN_POINT('',(-75.6218865741,-20.95452711256,-10.));
#707 = CARTESIAN_POINT('',(-76.10856285402,-19.78248214214,-10.));
#708 = CARTESIAN_POINT('',(-76.56347531072,-18.59802111213,-10.));
#709 = CARTESIAN_POINT('',(-77.83014248838,-15.0116729139,-10.));
#710 = CARTESIAN_POINT('',(-78.54462302307,-12.57508501047,-10.));
#711 = CARTESIAN_POINT('',(-79.12308886506,-10.10020964338,-10.));
#712 = CARTESIAN_POINT('',(-79.56059429712,-7.595621831085,-10.));
#713 = CARTESIAN_POINT('',(-79.85355471699,-5.070590366145,-10.));
#714 = CARTESIAN_POINT('',(-80.00000022816,-2.535116567105,-10.));
#715 = CARTESIAN_POINT('',(-80.00000022816,2.535116567085,-10.));
#716 = CARTESIAN_POINT('',(-79.85355471699,5.070590366129,-10.));
#717 = CARTESIAN_POINT('',(-79.56059429713,7.595621831062,-10.));
#718 = CARTESIAN_POINT('',(-79.12308886506,10.100209643363,-10.));
#719 = CARTESIAN_POINT('',(-78.54462302307,12.575085010457,-10.));
#720 = CARTESIAN_POINT('',(-77.83014248838,15.01167291388,-10.));
#721 = CARTESIAN_POINT('',(-76.56347531073,18.598021112116,-10.));
#722 = CARTESIAN_POINT('',(-76.10856285403,19.782482142127,-10.));
#723 = CARTESIAN_POINT('',(-75.62188657411,20.954527112543,-10.));
#724 = CARTESIAN_POINT('',(-75.10425279268,22.113301869316,-10.));
#725 = CARTESIAN_POINT('',(-74.55650999178,23.258029313843,-10.));
#726 = CARTESIAN_POINT('',(-73.97953732502,24.388004307753,-10.));
#727 = CARTESIAN_POINT('',(-72.26111457329,27.552243608082,-10.));
#728 = CARTESIAN_POINT('',(-71.05218126188,29.549862959286,-10.));
#729 = CARTESIAN_POINT('',(-69.75301340498,31.491501940464,-10.));
#730 = CARTESIAN_POINT('',(-68.36935745216,33.374079545086,-10.));
#731 = CARTESIAN_POINT('',(-66.90692453546,35.195233142978,-10.));
#732 = CARTESIAN_POINT('',(-65.37123359691,36.953204560933,-10.));
#733 = CARTESIAN_POINT('',(-61.83605390674,40.686375144331,-10.));
#734 = CARTESIAN_POINT('',(-59.80600624851,42.632459176274,-10.));
#735 = CARTESIAN_POINT('',(-57.68639192313,44.482958614171,-10.));
#736 = CARTESIAN_POINT('',(-55.48578205274,46.236641065921,-10.));
#737 = CARTESIAN_POINT('',(-53.21215058797,47.892928567288,-10.));
#738 = CARTESIAN_POINT('',(-50.87275321072,49.451746092345,-10.));
#739 = CARTESIAN_POINT('',(-47.62691607799,51.429552689136,-10.));
#740 = CARTESIAN_POINT('',(-46.77242659714,51.933595040662,-10.));
#741 = CARTESIAN_POINT('',(-45.91083973278,52.425519498658,-10.));
#742 = CARTESIAN_POINT('',(-45.04243716949,52.90533878007,-10.));
#743 = CARTESIAN_POINT('',(-44.16749183691,53.373068662625,-10.));
#744 = CARTESIAN_POINT('',(-43.28626790976,53.828727984831,-10.));
#745 = CARTESIAN_POINT('',(-41.93741143578,54.503136799945,-10.));
#746 = CARTESIAN_POINT('',(-41.47377008297,54.730873258019,-10.));
#747 = CARTESIAN_POINT('',(-41.01056095466,54.954326915171,-10.));
#748 = CARTESIAN_POINT('',(-40.54864681773,55.173201005143,-10.));
#749 = CARTESIAN_POINT('',(-40.08723375509,55.388009191987,-10.));
#750 = CARTESIAN_POINT('',(-39.62381591995,55.599961661611,-10.));
#751 = CARTESIAN_POINT('',(-38.68478376755,56.021579631264,-10.));
#752 = CARTESIAN_POINT('',(-38.21128283059,56.230302653485,-10.));
#753 = CARTESIAN_POINT('',(-37.73361929622,56.436957023868,-10.));
#754 = CARTESIAN_POINT('',(-37.25179698943,56.641478742302,-10.));
#755 = CARTESIAN_POINT('',(-36.76582174334,56.84380306468,-10.));
#756 = CARTESIAN_POINT('',(-36.27570139912,57.043864502894,-10.));
#757 = CARTESIAN_POINT('',(-34.40509277669,57.792222115626,-10.));
#758 = CARTESIAN_POINT('',(-33.01808468989,58.31621984643,-10.));
#759 = CARTESIAN_POINT('',(-31.62116899233,58.813679243764,-10.));
#760 = CARTESIAN_POINT('',(-30.21506560596,59.284687964656,-10.));
#761 = CARTESIAN_POINT('',(-28.80046692793,59.729332096651,-10.));
#762 = CARTESIAN_POINT('',(-27.37803783065,60.147696157817,-10.));
#763 = CARTESIAN_POINT('',(-22.32993585721,61.532465880056,-10.));
#764 = CARTESIAN_POINT('',(-18.66561919129,62.357169115143,-10.));
#765 = CARTESIAN_POINT('',(-14.96547676291,63.015421269284,-10.));
#766 = CARTESIAN_POINT('',(-11.23906375364,63.508247154409,-10.));
#767 = CARTESIAN_POINT('',(-7.495502816341,63.836397986796,-10.));
#768 = CARTESIAN_POINT('',(-3.743484093336,64.000328286498,-10.));
#769 = CARTESIAN_POINT('',(3.731492872273,63.999673615018,-10.));
#770 = CARTESIAN_POINT('',(7.454004363886,63.837661983829,-10.));
#771 = CARTESIAN_POINT('',(11.168241283681,63.513997260775,-10.));
#772 = CARTESIAN_POINT('',(14.865715916649,63.028236899998,-10.));
#773 = CARTESIAN_POINT('',(18.537526121231,62.37964948398,-10.));
#774 = CARTESIAN_POINT('',(22.174355226639,61.567235629405,-10.));
#775 = CARTESIAN_POINT('',(27.245905105704,60.186923622096,-10.));
#776 = CARTESIAN_POINT('',(28.71773093825,59.75624510687,-10.));
#777 = CARTESIAN_POINT('',(30.18122489632,59.297457620497,-10.));
#778 = CARTESIAN_POINT('',(31.635652483985,58.810467200086,-10.));
#779 = CARTESIAN_POINT('',(33.08024754652,58.29517746839,-10.));
#780 = CARTESIAN_POINT('',(34.51421263993,57.751490761693,-10.));
#781 = CARTESIAN_POINT('',(37.814404216699,56.424039201496,-10.));
#782 = CARTESIAN_POINT('',(39.672102169626,55.619130422177,-10.));
#783 = CARTESIAN_POINT('',(41.5079233964,54.764352041631,-10.));
#784 = CARTESIAN_POINT('',(43.319830045087,53.859492644154,-10.));
#785 = CARTESIAN_POINT('',(45.105641668953,52.904371187151,-10.));
#786 = CARTESIAN_POINT('',(46.86304062072,51.898847911847,-10.));
#787 = CARTESIAN_POINT('',(50.987587904434,49.376124582501,-10.));
#788 = CARTESIAN_POINT('',(53.325933925419,47.812094315008,-10.));
#789 = CARTESIAN_POINT('',(55.598160052725,46.150462599116,-10.));
#790 = CARTESIAN_POINT('',(57.796978148403,44.391316967932,-10.));
#791 = CARTESIAN_POINT('',(59.914378417018,42.535254277869,-10.));
#792 = CARTESIAN_POINT('',(61.94175259367,40.583534132738,-10.));
#793 = CARTESIAN_POINT('',(65.432020574774,36.88146979172,-10.));
#794 = CARTESIAN_POINT('',(66.9289284949,35.163360350881,-10.));
#795 = CARTESIAN_POINT('',(68.355892049813,33.385086264049,-10.));
#796 = CARTESIAN_POINT('',(69.70777661694,31.54829252898,-10.));
#797 = CARTESIAN_POINT('',(70.979274201359,29.655174146752,-10.));
#798 = CARTESIAN_POINT('',(72.165042294249,27.708577135271,-10.));
#799 = CARTESIAN_POINT('',(75.104896068809,22.347724471389,-10.));
#800 = CARTESIAN_POINT('',(76.69260770546,18.840058926404,-10.));
#801 = CARTESIAN_POINT('',(77.996282708777,15.208803053437,-10.));
#802 = CARTESIAN_POINT('',(78.992913094567,11.477935424153,-10.));
#803 = CARTESIAN_POINT('',(79.664555696921,7.676061073872,-10.));
#804 = CARTESIAN_POINT('',(80.000000398125,3.836810018392,-10.));
#805 = CARTESIAN_POINT('',(80.,1.42108547152E-14,-10.));
#806 = FACE_BOUND('',#807,.F.);
#807 = EDGE_LOOP('',(#808));
#808 = ORIENTED_EDGE('',*,*,#809,.T.);
#809 = EDGE_CURVE('',#810,#810,#812,.T.);
#810 = VERTEX_POINT('',#811);
#811 = CARTESIAN_POINT('',(-37.,69.282032302755,-10.));
#812 = CIRCLE('',#813,3.);
#813 = AXIS2_PLACEMENT_3D('',#814,#815,#816);
#814 = CARTESIAN_POINT('',(-40.,69.282032302755,-10.));
#815 = DIRECTION('',(0.,0.,-1.));
#816 = DIRECTION('',(1.,0.,0.));
#817 = FACE_BOUND('',#818,.F.);
#818 = EDGE_LOOP('',(#819));
#819 = ORIENTED_EDGE('',*,*,#820,.T.);
#820 = EDGE_CURVE('',#821,#821,#823,.T.);
#821 = VERTEX_POINT('',#822);
#822 = CARTESIAN_POINT('',(43.,69.282032302755,-10.));
#823 = CIRCLE('',#824,3.);
#824 = AXIS2_PLACEMENT_3D('',#825,#826,#827);
#825 = CARTESIAN_POINT('',(40.,69.282032302755,-10.));
#826 = DIRECTION('',(0.,0.,-1.));
#827 = DIRECTION('',(1.,0.,0.));
#828 = PLANE('',#829);
#829 = AXIS2_PLACEMENT_3D('',#830,#831,#832);
#830 = CARTESIAN_POINT('',(-100.,-100.,-10.));
#831 = DIRECTION('',(0.,0.,1.));
#832 = DIRECTION('',(1.,0.,0.));
#833 = ADVANCED_FACE('',(#834),#840,.T.);
#834 = FACE_BOUND('',#835,.T.);
#835 = EDGE_LOOP('',(#836,#837,#838,#839));
#836 = ORIENTED_EDGE('',*,*,#78,.F.);
#837 = ORIENTED_EDGE('',*,*,#375,.T.);
#838 = ORIENTED_EDGE('',*,*,#359,.T.);
#839 = ORIENTED_EDGE('',*,*,#94,.F.);
#840 = PLANE('',#841);
#841 = AXIS2_PLACEMENT_3D('',#842,#843,#844);
#842 = CARTESIAN_POINT('',(100.,-100.,-10.));
#843 = DIRECTION('',(1.,0.,0.));
#844 = DIRECTION('',(0.,0.,1.));
#845 = ADVANCED_FACE('',(#846),#857,.F.);
#846 = FACE_BOUND('',#847,.T.);
#847 = EDGE_LOOP('',(#848,#849,#855,#856));
#848 = ORIENTED_EDGE('',*,*,#384,.T.);
#849 = ORIENTED_EDGE('',*,*,#850,.T.);
#850 = EDGE_CURVE('',#385,#111,#851,.T.);
#851 = LINE('',#852,#853);
#852 = CARTESIAN_POINT('',(-37.,-69.28203230275,-20.));
#853 = VECTOR('',#854,1.);
#854 = DIRECTION('',(0.,0.,1.));
#855 = ORIENTED_EDGE('',*,*,#110,.F.);
#856 = ORIENTED_EDGE('',*,*,#850,.F.);
#857 = CYLINDRICAL_SURFACE('',#858,3.);
#858 = AXIS2_PLACEMENT_3D('',#859,#860,#861);
#859 = CARTESIAN_POINT('',(-40.,-69.28203230275,-20.));
#860 = DIRECTION('',(-0.,-0.,-1.));
#861 = DIRECTION('',(1.,0.,0.));
#862 = ADVANCED_FACE('',(#863),#874,.F.);
#863 = FACE_BOUND('',#864,.T.);
#864 = EDGE_LOOP('',(#865,#866,#872,#873));
#865 = ORIENTED_EDGE('',*,*,#395,.T.);
#866 = ORIENTED_EDGE('',*,*,#867,.T.);
#867 = EDGE_CURVE('',#396,#122,#868,.T.);
#868 = LINE('',#869,#870);
#869 = CARTESIAN_POINT('',(43.,-69.28203230275,-20.));
#870 = VECTOR('',#871,1.);
#871 = DIRECTION('',(0.,0.,1.));
#872 = ORIENTED_EDGE('',*,*,#121,.F.);
#873 = ORIENTED_EDGE('',*,*,#867,.F.);
#874 = CYLINDRICAL_SURFACE('',#875,3.);
#875 = AXIS2_PLACEMENT_3D('',#876,#877,#878);
#876 = CARTESIAN_POINT('',(40.,-69.28203230275,-20.));
#877 = DIRECTION('',(-0.,-0.,-1.));
#878 = DIRECTION('',(1.,0.,0.));
#879 = ADVANCED_FACE('',(#880,#894,#1060,#1214,#1372),#1535,.T.);
#880 = FACE_BOUND('',#881,.T.);
#881 = EDGE_LOOP('',(#882,#892,#893));
#882 = ORIENTED_EDGE('',*,*,#883,.F.);
#883 = EDGE_CURVE('',#133,#884,#886,.T.);
#884 = VERTEX_POINT('',#885);
#885 = CARTESIAN_POINT('',(6.123233995737E-15,-1.199807826129E-30,230.)
  );
#886 = ( BOUNDED_CURVE() B_SPLINE_CURVE(2,(#887,#888,#889,#890,#891),
.UNSPECIFIED.,.F.,.F.) B_SPLINE_CURVE_WITH_KNOTS((3,2,3),(4.712388980385
,6.28318530718,7.853981633974),.PIECEWISE_BEZIER_KNOTS.) CURVE() 
GEOMETRIC_REPRESENTATION_ITEM() RATIONAL_B_SPLINE_CURVE((1.,
0.707106781187,1.,0.707106781187,1.)) REPRESENTATION_ITEM('') );
#887 = CARTESIAN_POINT('',(-1.836970198721E-14,3.599423478388E-30,-70.)
  );
#888 = CARTESIAN_POINT('',(100.,-1.959434878636E-14,-70.));
#889 = CARTESIAN_POINT('',(100.,-1.959434878636E-14,80.));
#890 = CARTESIAN_POINT('',(100.,-1.959434878636E-14,230.));
#891 = CARTESIAN_POINT('',(3.061616997868E-14,-5.999039130647E-30,230.)
  );
#892 = ORIENTED_EDGE('',*,*,#132,.F.);
#893 = ORIENTED_EDGE('',*,*,#883,.T.);
#894 = FACE_BOUND('',#895,.T.);
#895 = EDGE_LOOP('',(#896,#929));
#896 = ORIENTED_EDGE('',*,*,#897,.T.);
#897 = EDGE_CURVE('',#898,#900,#902,.T.);
#898 = VERTEX_POINT('',#899);
#899 = CARTESIAN_POINT('',(-37.,-69.28203230275,29.554484837599));
#900 = VERTEX_POINT('',#901);
#901 = CARTESIAN_POINT('',(-39.16495435158,-66.40059190513,
    20.433122106354));
#902 = B_SPLINE_CURVE_WITH_KNOTS('',7,(#903,#904,#905,#906,#907,#908,
    #909,#910,#911,#912,#913,#914,#915,#916,#917,#918,#919,#920,#921,
    #922,#923,#924,#925,#926,#927,#928),.UNSPECIFIED.,.F.,.F.,(8,6,6,6,8
    ),(0.,0.267668507755,0.479043729653,0.783265760529,1.),
  .UNSPECIFIED.);
#903 = CARTESIAN_POINT('',(-37.,-69.28203230275,29.554484837599));
#904 = CARTESIAN_POINT('',(-37.,-69.20223291429,29.169183812517));
#905 = CARTESIAN_POINT('',(-37.00247540409,-69.12080836231,
    28.784072049623));
#906 = CARTESIAN_POINT('',(-37.00761155297,-69.03769261476,
    28.399169041751));
#907 = CARTESIAN_POINT('',(-37.01561656427,-68.9528127488,
    28.014501826747));
#908 = CARTESIAN_POINT('',(-37.02674105263,-68.86608197654,
    27.630106258927));
#909 = CARTESIAN_POINT('',(-37.04129784996,-68.77739267073,
    27.246028280531));
#910 = CARTESIAN_POINT('',(-37.07419929348,-68.6149187154,26.55931859031
    ));
#911 = CARTESIAN_POINT('',(-37.0911168492,-68.54191876519,26.25655245603
    ));
#912 = CARTESIAN_POINT('',(-37.11060263057,-68.46755106611,
    25.954048719971));
#913 = CARTESIAN_POINT('',(-37.13289249739,-68.39173561094,
    25.651844813523));
#914 = CARTESIAN_POINT('',(-37.15828993135,-68.31437085889,
    25.349993669837));
#915 = CARTESIAN_POINT('',(-37.18716603597,-68.23533373564,
    25.048563723825));
#916 = CARTESIAN_POINT('',(-37.26715762022,-68.03811027374,
    24.314532531368));
#917 = CARTESIAN_POINT('',(-37.32257982081,-67.91809844198,
    23.883181256668));
#918 = CARTESIAN_POINT('',(-37.38695473696,-67.7940192977,
    23.452897095082));
#919 = CARTESIAN_POINT('',(-37.46380620343,-67.6646656502,23.02414978672
    ));
#920 = CARTESIAN_POINT('',(-37.5550840294,-67.52947080275,
    22.597647729404));
#921 = CARTESIAN_POINT('',(-37.66443456619,-67.38745711588,
    22.174985031367));
#922 = CARTESIAN_POINT('',(-37.91046932356,-67.12417778329,
    21.465819438105));
#923 = CARTESIAN_POINT('',(-38.0026445869,-67.03841135929,
    21.255306308224));
#924 = CARTESIAN_POINT('',(-38.11058357512,-66.94077891889,
    21.02089288706));
#925 = CARTESIAN_POINT('',(-38.26501388736,-66.81617297206,
    20.747252163652));
#926 = CARTESIAN_POINT('',(-38.47751128804,-66.6650321581,20.46014330391
    ));
#927 = CARTESIAN_POINT('',(-38.77984942461,-66.51219587712,
    20.300781721576));
#928 = CARTESIAN_POINT('',(-39.16495435158,-66.40059190513,
    20.433122106354));
#929 = ORIENTED_EDGE('',*,*,#930,.T.);
#930 = EDGE_CURVE('',#900,#898,#931,.T.);
#931 = B_SPLINE_CURVE_WITH_KNOTS('',8,(#932,#933,#934,#935,#936,#937,
    #938,#939,#940,#941,#942,#943,#944,#945,#946,#947,#948,#949,#950,
    #951,#952,#953,#954,#955,#956,#957,#958,#959,#960,#961,#962,#963,
    #964,#965,#966,#967,#968,#969,#970,#971,#972,#973,#974,#975,#976,
    #977,#978,#979,#980,#981,#982,#983,#984,#985,#986,#987,#988,#989,
    #990,#991,#992,#993,#994,#995,#996,#997,#998,#999,#1000,#1001,#1002,
    #1003,#1004,#1005,#1006,#1007,#1008,#1009,#1010,#1011,#1012,#1013,
    #1014,#1015,#1016,#1017,#1018,#1019,#1020,#1021,#1022,#1023,#1024,
    #1025,#1026,#1027,#1028,#1029,#1030,#1031,#1032,#1033,#1034,#1035,
    #1036,#1037,#1038,#1039,#1040,#1041,#1042,#1043,#1044,#1045,#1046,
    #1047,#1048,#1049,#1050,#1051,#1052,#1053,#1054,#1055,#1056,#1057,
    #1058,#1059),.UNSPECIFIED.,.F.,.F.,(9,7,7,7,7,7,7,7,7,7,7,7,7,7,7,7,
    7,7,9),(0.,3.195817600403E-02,8.43527033766E-02,0.141044771066,
    0.267058868482,0.421532108528,0.508920400143,0.549980127391,
    0.596137713794,0.626929612363,0.678357050645,0.71491260554,
    0.752320928229,0.789562063342,0.845473439665,0.923228424414,
    0.96231322683,0.980962667481,1.),.UNSPECIFIED.);
#932 = CARTESIAN_POINT('',(-39.16495435158,-66.40059190513,
    20.433122106354));
#933 = CARTESIAN_POINT('',(-39.43179160752,-66.32326207745,
    20.524820089552));
#934 = CARTESIAN_POINT('',(-39.63917149508,-66.28803987555,
    20.696792142777));
#935 = CARTESIAN_POINT('',(-39.80480624758,-66.27732102473,
    20.904942669363));
#936 = CARTESIAN_POINT('',(-39.94312465752,-66.27826231348,
    21.119423552084));
#937 = CARTESIAN_POINT('',(-40.06527207661,-66.2827815935,
    21.324634153163));
#938 = CARTESIAN_POINT('',(-40.17911041576,-66.28755777964,
    21.519221314262));
#939 = CARTESIAN_POINT('',(-40.28921814508,-66.29403084999,
    21.716079356492));
#940 = CARTESIAN_POINT('',(-40.57341574225,-66.33196268769,
    22.313314544582));
#941 = CARTESIAN_POINT('',(-40.72739644214,-66.36462021495,
    22.689628048855));
#942 = CARTESIAN_POINT('',(-40.86680677209,-66.40279007467,
    23.068997844006));
#943 = CARTESIAN_POINT('',(-40.99488486979,-66.44496300443,
    23.450279361105));
#944 = CARTESIAN_POINT('',(-41.11314139179,-66.49042323615,23.8328872483
    ));
#945 = CARTESIAN_POINT('',(-41.22298589592,-66.53855442021,
    24.216479632197));
#946 = CARTESIAN_POINT('',(-41.32597084642,-66.58873306997,
    24.600915603819));
#947 = CARTESIAN_POINT('',(-41.52726578736,-66.69715743418,
    25.403681771514));
#948 = CARTESIAN_POINT('',(-41.62426888724,-66.75551545443,
    25.820905657413));
#949 = CARTESIAN_POINT('',(-41.71479701998,-66.81546329889,
    26.238189513346));
#950 = CARTESIAN_POINT('',(-41.79960325363,-66.87672618287,
    26.655575405438));
#951 = CARTESIAN_POINT('',(-41.87925932655,-66.93909525315,
    27.073097052345));
#952 = CARTESIAN_POINT('',(-41.95422484812,-67.00240040692,
    27.490773867359));
#953 = CARTESIAN_POINT('',(-42.02486317817,-67.06650439397,
    27.90860976562));
#954 = CARTESIAN_POINT('',(-42.23955963631,-67.27528490316,
    29.25566555438));
#955 = CARTESIAN_POINT('',(-42.36788565575,-67.42274399437,
    30.186144076659));
#956 = CARTESIAN_POINT('',(-42.47972646114,-67.57233507663,
    31.117668249695));
#957 = CARTESIAN_POINT('',(-42.57697757942,-67.72327767193,
    32.049982610409));
#958 = CARTESIAN_POINT('',(-42.66113878567,-67.87496090105,
    32.982896563874));
#959 = CARTESIAN_POINT('',(-42.73330695893,-68.02694377015,
    33.916285605316));
#960 = CARTESIAN_POINT('',(-42.79438544607,-68.17887163477,
    34.850081884583));
#961 = CARTESIAN_POINT('',(-42.90724395605,-68.51630948216,
    36.929443846831));
#962 = CARTESIAN_POINT('',(-42.95380458837,-68.70163904049,
    38.075113802073));
#963 = CARTESIAN_POINT('',(-42.9860909559,-68.88594385545,
    39.221179022286));
#964 = CARTESIAN_POINT('',(-43.00503667609,-69.0688586554,
    40.367543860474));
#965 = CARTESIAN_POINT('',(-43.01132430492,-69.25011762465,
    41.514122290273));
#966 = CARTESIAN_POINT('',(-43.00543960811,-69.42953305472,
    42.660838455648));
#967 = CARTESIAN_POINT('',(-42.98765560683,-69.60699995169,
    43.807625656454));
#968 = CARTESIAN_POINT('',(-42.94115607836,-69.88181800598,
    45.603186225324));
#969 = CARTESIAN_POINT('',(-42.92054165024,-69.98049067928,
    46.251945840093));
#970 = CARTESIAN_POINT('',(-42.89611252817,-70.07854005557,
    46.900689075573));
#971 = CARTESIAN_POINT('',(-42.86783264932,-70.17597866917,
    47.549400042812));
#972 = CARTESIAN_POINT('',(-42.83563310024,-70.27283090242,
    48.198059448492));
#973 = CARTESIAN_POINT('',(-42.7994002604,-70.36913727968,
    48.846643857617));
#974 = CARTESIAN_POINT('',(-42.75895013771,-70.46496372212,
    49.49512407619));
#975 = CARTESIAN_POINT('',(-42.69286368276,-70.60526427396,
    50.448087045441));
#976 = CARTESIAN_POINT('',(-42.67074013936,-70.65003093628,
    50.752679360017));
#977 = CARTESIAN_POINT('',(-42.64759197537,-70.69472519217,
    51.057236067219));
#978 = CARTESIAN_POINT('',(-42.62338325646,-70.73935990862,
    51.361752466989));
#979 = CARTESIAN_POINT('',(-42.59806840464,-70.78395137736,
    51.666222689583));
#980 = CARTESIAN_POINT('',(-42.57159219824,-70.82851931486,
    51.970639695575));
#981 = CARTESIAN_POINT('',(-42.54388977192,-70.87308686231,
    52.274995275854));
#982 = CARTESIAN_POINT('',(-42.48228251199,-70.96781093905,
    52.921343961207));
#983 = CARTESIAN_POINT('',(-42.44803604148,-71.01797343747,
    53.263314593473));
#984 = CARTESIAN_POINT('',(-42.41201790369,-71.06821464474,
    53.605180204796));
#985 = CARTESIAN_POINT('',(-42.37409449393,-71.1185822489,
    53.946924972337));
#986 = CARTESIAN_POINT('',(-42.3340972452,-71.16913604055,
    54.288525966969));
#987 = CARTESIAN_POINT('',(-42.29179196921,-71.21995889123,
    54.629950126199));
#988 = CARTESIAN_POINT('',(-42.24684819729,-71.27116773177,
    54.971151227091));
#989 = CARTESIAN_POINT('',(-42.16676107394,-71.35745168487,
    55.539492952758));
#990 = CARTESIAN_POINT('',(-42.13329007113,-71.39223781695,
    55.766774590294));
#991 = CARTESIAN_POINT('',(-42.09833120137,-71.42730654423,
    55.993911781345));
#992 = CARTESIAN_POINT('',(-42.0617225469,-71.46271531205,
    56.220883782772));
#993 = CARTESIAN_POINT('',(-42.02320458382,-71.49855539383,
    56.447649098749));
#994 = CARTESIAN_POINT('',(-41.9824201821,-71.53495189101,
    56.674145480763));
#995 = CARTESIAN_POINT('',(-41.93891460559,-71.57206373311,
    56.900289927614));
#996 = CARTESIAN_POINT('',(-41.81400687877,-71.67358311888,
    57.502915321414));
#997 = CARTESIAN_POINT('',(-41.70513163645,-71.75803238634,
    57.991771196705));
#998 = CARTESIAN_POINT('',(-41.57021115017,-71.84734207217,
    58.446798269654));
#999 = CARTESIAN_POINT('',(-41.44344018093,-71.92383854687,
    58.803084950213));
#1000 = CARTESIAN_POINT('',(-41.30624323649,-71.99089018073,
    59.006697234196));
#1001 = CARTESIAN_POINT('',(-41.1699087239,-72.04598323107,
    59.069494065204));
#1002 = CARTESIAN_POINT('',(-41.11205996575,-72.06895215435,
    59.092306091078));
#1003 = CARTESIAN_POINT('',(-41.01598414337,-72.10507941118,
    59.105754645316));
#1004 = CARTESIAN_POINT('',(-40.94288900819,-72.13184003067,
    59.107430627497));
#1005 = CARTESIAN_POINT('',(-40.82643126871,-72.17202429627,
    59.081133023219));
#1006 = CARTESIAN_POINT('',(-40.70840933358,-72.2036952161,
    58.94770548623));
#1007 = CARTESIAN_POINT('',(-40.57042203385,-72.23487855775,
    58.72158755989));
#1008 = CARTESIAN_POINT('',(-40.43189341499,-72.2563986222,
    58.386048894595));
#1009 = CARTESIAN_POINT('',(-40.29321882919,-72.2704928846,
    57.975785911631));
#1010 = CARTESIAN_POINT('',(-40.03077982104,-72.28481817363,
    57.08216409424));
#1011 = CARTESIAN_POINT('',(-39.9159256993,-72.28435668067,
    56.627363572445));
#1012 = CARTESIAN_POINT('',(-39.80918628185,-72.27987215677,
    56.171383617557));
#1013 = CARTESIAN_POINT('',(-39.71024726139,-72.27149859796,
    55.714483855211));
#1014 = CARTESIAN_POINT('',(-39.61598714334,-72.26041757818,
    55.257209364147));
#1015 = CARTESIAN_POINT('',(-39.52637750617,-72.24663860732,
    54.799555917054));
#1016 = CARTESIAN_POINT('',(-39.44027577638,-72.23057962493,
    54.341581153134));
#1017 = CARTESIAN_POINT('',(-39.27462273081,-72.1942455368,
    53.426716451545));
#1018 = CARTESIAN_POINT('',(-39.19508468738,-72.17400818632,
    52.970148024697));
#1019 = CARTESIAN_POINT('',(-39.11813745633,-72.15184451702,
    52.513421234459));
#1020 = CARTESIAN_POINT('',(-39.0434544927,-72.12787096968,
    52.056531921973));
#1021 = CARTESIAN_POINT('',(-38.97079757645,-72.10217193742,
    51.599477777234));
#1022 = CARTESIAN_POINT('',(-38.89998316645,-72.0748123684,
    51.142261096094));
#1023 = CARTESIAN_POINT('',(-38.83087481833,-72.04584072166,
    50.684889369246));
#1024 = CARTESIAN_POINT('',(-38.66200792399,-71.96943870775,
    49.540498149124));
#1025 = CARTESIAN_POINT('',(-38.564275598,-71.92004611003,
    48.853455382226));
#1026 = CARTESIAN_POINT('',(-38.46980063466,-71.86725224676,
    48.166293942777));
#1027 = CARTESIAN_POINT('',(-38.37836580958,-71.8111358842,
    47.479048097884));
#1028 = CARTESIAN_POINT('',(-38.28983378101,-71.7517461791,
    46.791745438605));
#1029 = CARTESIAN_POINT('',(-38.20412113233,-71.68911213868,
    46.104408483252));
#1030 = CARTESIAN_POINT('',(-38.12119143069,-71.62324507339,
    45.417055124351));
#1031 = CARTESIAN_POINT('',(-37.9295817594,-71.45804400318,
    43.773805864116));
#1032 = CARTESIAN_POINT('',(-37.82350074042,-71.35568961822,
    42.817918852607));
#1033 = CARTESIAN_POINT('',(-37.72279723204,-71.24707412091,
    41.862076942753));
#1034 = CARTESIAN_POINT('',(-37.62760461589,-71.132142054,
    40.906320176194));
#1035 = CARTESIAN_POINT('',(-37.5381623966,-71.01079928028,
    39.950691334114));
#1036 = CARTESIAN_POINT('',(-37.45480915278,-70.88291546023,
    38.995236558425));
#1037 = CARTESIAN_POINT('',(-37.37799832394,-70.74831798054,
    38.040005398664));
#1038 = CARTESIAN_POINT('',(-37.27332035649,-70.53562963459,
    36.605026629903));
#1039 = CARTESIAN_POINT('',(-37.24011025899,-70.46272795944,
    36.125074733654));
#1040 = CARTESIAN_POINT('',(-37.20878437726,-70.38804296776,
    35.645201708363));
#1041 = CARTESIAN_POINT('',(-37.17942934366,-70.31154227845,
    35.165416066882));
#1042 = CARTESIAN_POINT('',(-37.15214318016,-70.23318952043,
    34.685727756299));
#1043 = CARTESIAN_POINT('',(-37.12703789232,-70.15294338349,
    34.206148191827));
#1044 = CARTESIAN_POINT('',(-37.10424206317,-70.07075666932,
    33.7266902907));
#1045 = CARTESIAN_POINT('',(-37.07419881038,-69.94640794829,
    33.018658556861));
#1046 = CARTESIAN_POINT('',(-37.06505384384,-69.90578638015,
    32.78997976788));
#1047 = CARTESIAN_POINT('',(-37.05648439239,-69.86470485157,
    32.561333752692));
#1048 = CARTESIAN_POINT('',(-37.04850766958,-69.82315710307,
    32.332722304604));
#1049 = CARTESIAN_POINT('',(-37.04114225772,-69.78113640204,
    32.104147396661));
#1050 = CARTESIAN_POINT('',(-37.03440810782,-69.73863554279,
    31.875611181647));
#1051 = CARTESIAN_POINT('',(-37.02832653962,-69.69564684649,
    31.647115992086));
#1052 = CARTESIAN_POINT('',(-37.01740149736,-69.60777303294,
    31.185461096131));
#1053 = CARTESIAN_POINT('',(-37.01258689074,-69.56286700195,
    30.95230335936));
#1054 = CARTESIAN_POINT('',(-37.00850032189,-69.5174353514,
    30.71919373086));
#1055 = CARTESIAN_POINT('',(-37.00516819741,-69.47146857286,
    30.486135191459));
#1056 = CARTESIAN_POINT('',(-37.0026194303,-69.42495636624,
    30.253131101874));
#1057 = CARTESIAN_POINT('',(-37.00088544003,-69.37788763985,
    30.020185202718));
#1058 = CARTESIAN_POINT('',(-37.00000015249,-69.33025051034,
    29.787301614494));
#1059 = CARTESIAN_POINT('',(-37.,-69.28203230275,29.554484837599));
#1060 = FACE_BOUND('',#1061,.T.);
#1061 = EDGE_LOOP('',(#1062,#1155));
#1062 = ORIENTED_EDGE('',*,*,#1063,.T.);
#1063 = EDGE_CURVE('',#1064,#1066,#1068,.T.);
#1064 = VERTEX_POINT('',#1065);
#1065 = CARTESIAN_POINT('',(43.,69.282032302755,41.727947533481));
#1066 = VERTEX_POINT('',#1067);
#1067 = CARTESIAN_POINT('',(37.093863434964,68.537471851644,
    26.242604173198));
#1068 = B_SPLINE_CURVE_WITH_KNOTS('',8,(#1069,#1070,#1071,#1072,#1073,
    #1074,#1075,#1076,#1077,#1078,#1079,#1080,#1081,#1082,#1083,#1084,
    #1085,#1086,#1087,#1088,#1089,#1090,#1091,#1092,#1093,#1094,#1095,
    #1096,#1097,#1098,#1099,#1100,#1101,#1102,#1103,#1104,#1105,#1106,
    #1107,#1108,#1109,#1110,#1111,#1112,#1113,#1114,#1115,#1116,#1117,
    #1118,#1119,#1120,#1121,#1122,#1123,#1124,#1125,#1126,#1127,#1128,
    #1129,#1130,#1131,#1132,#1133,#1134,#1135,#1136,#1137,#1138,#1139,
    #1140,#1141,#1142,#1143,#1144,#1145,#1146,#1147,#1148,#1149,#1150,
    #1151,#1152,#1153,#1154),.UNSPECIFIED.,.F.,.F.,(9,7,7,7,7,7,7,7,7,7,
    7,7,9),(0.,0.129035600782,0.194687070771,0.266307119854,
    0.308149805436,0.354899983565,0.400778255115,0.471024752163,
    0.546843246266,0.646122231355,0.827627138179,0.915307105412,1.),
  .UNSPECIFIED.);
#1069 = CARTESIAN_POINT('',(43.,69.282032302755,41.727947533481));
#1070 = CARTESIAN_POINT('',(43.,69.411636247388,42.552768381239));
#1071 = CARTESIAN_POINT('',(42.993601170997,69.540324629842,
    43.377665459251));
#1072 = CARTESIAN_POINT('',(42.98096113705,69.668037035103,44.2026158217
    ));
#1073 = CARTESIAN_POINT('',(42.962178372398,69.794735184052,
    45.027593624844));
#1074 = CARTESIAN_POINT('',(42.937285612588,69.92040521447,
    45.852569560477));
#1075 = CARTESIAN_POINT('',(42.906246238111,70.045058934908,
    46.677510569587));
#1076 = CARTESIAN_POINT('',(42.868929367279,70.168742767126,
    47.502378483609));
#1077 = CARTESIAN_POINT('',(42.802708804375,70.354052319654,
    48.746746115343));
#1078 = CARTESIAN_POINT('',(42.778680862292,70.416306019206,
    49.166254018929));
#1079 = CARTESIAN_POINT('',(42.752918227437,70.478337794265,
    49.585640715035));
#1080 = CARTESIAN_POINT('',(42.725371384766,70.540165803463,
    50.004897040709));
#1081 = CARTESIAN_POINT('',(42.69597767288,70.601813094918,
    50.424013847273));
#1082 = CARTESIAN_POINT('',(42.664656752785,70.663309215409,
    50.84298168108));
#1083 = CARTESIAN_POINT('',(42.631302518158,70.724693095087,
    51.261790204259));
#1084 = CARTESIAN_POINT('',(42.55701013602,70.852916485932,
    52.137124110544));
#1085 = CARTESIAN_POINT('',(42.515657925141,70.919744667286,
    52.59361634392));
#1086 = CARTESIAN_POINT('',(42.471529138357,70.986569671207,
    53.049888667053));
#1087 = CARTESIAN_POINT('',(42.424376217271,71.053482121355,
    53.505925486473));
#1088 = CARTESIAN_POINT('',(42.373889663377,71.12059533356,
    53.961711609073));
#1089 = CARTESIAN_POINT('',(42.319605687244,71.188078041282,
    54.417222559636));
#1090 = CARTESIAN_POINT('',(42.260920866033,71.256149183293,
    54.87242682488));
#1091 = CARTESIAN_POINT('',(42.159127901417,71.365588090831,
    55.592963677344));
#1092 = CARTESIAN_POINT('',(42.119570183739,71.406325115867,
    55.858455084223));
#1093 = CARTESIAN_POINT('',(42.077985727793,71.44744631745,
    56.123749591183));
#1094 = CARTESIAN_POINT('',(42.034130187364,71.489039148095,
    56.388823828803));
#1095 = CARTESIAN_POINT('',(41.987523008857,71.531272579105,
    56.65360043048));
#1096 = CARTESIAN_POINT('',(41.937447431295,71.574397100568,
    56.917948032421));
#1097 = CARTESIAN_POINT('',(41.88295048632,71.618744721355,
    57.18168127365));
#1098 = CARTESIAN_POINT('',(41.755685841864,71.716106449912,
    57.738271974577));
#1099 = CARTESIAN_POINT('',(41.702403024462,71.750456045181,
    57.905133475346));
#1100 = CARTESIAN_POINT('',(41.668933228408,71.778245813638,
    58.07988551829));
#1101 = CARTESIAN_POINT('',(41.614205365113,71.816242871075,
    58.281780259722));
#1102 = CARTESIAN_POINT('',(41.519870556934,71.871543883608,
    58.519156895923));
#1103 = CARTESIAN_POINT('',(41.403403380387,71.938674010018,
    58.806234031698));
#1104 = CARTESIAN_POINT('',(41.274572370664,72.009754293198,
    59.092119313849));
#1105 = CARTESIAN_POINT('',(40.800450091493,72.184079791742,
    59.111768389618));
#1106 = CARTESIAN_POINT('',(40.645636414195,72.216527825302,
    58.828847399726));
#1107 = CARTESIAN_POINT('',(40.50438294427,72.245527100135,
    58.56580268303));
#1108 = CARTESIAN_POINT('',(40.404881395768,72.257745523753,
    58.292929009398));
#1109 = CARTESIAN_POINT('',(40.347187341411,72.260498748985,
    58.088447543837));
#1110 = CARTESIAN_POINT('',(40.30037917071,72.268495812358,
    57.98630047894));
#1111 = CARTESIAN_POINT('',(40.241130535537,72.273564617673,
    57.80058106575));
#1112 = CARTESIAN_POINT('',(40.023544336249,72.28483377793,
    57.053941776919));
#1113 = CARTESIAN_POINT('',(39.909305990991,72.284133866033,
    56.59954556923));
#1114 = CARTESIAN_POINT('',(39.80311467172,72.27943908866,
    56.143988921891));
#1115 = CARTESIAN_POINT('',(39.704553010254,72.270921370065,
    55.687536461558));
#1116 = CARTESIAN_POINT('',(39.610654273855,72.259703476148,
    55.230704567508));
#1117 = CARTESIAN_POINT('',(39.521332645523,72.245816621527,
    54.773499134412));
#1118 = CARTESIAN_POINT('',(39.435492684963,72.229661518691,
    54.315976037149));
#1119 = CARTESIAN_POINT('',(39.263373779394,72.191629114403,
    53.363668236142));
#1120 = CARTESIAN_POINT('',(39.177625702427,72.169415725001,
    52.869048044595));
#1121 = CARTESIAN_POINT('',(39.094846056103,72.144962874946,
    52.374200488454));
#1122 = CARTESIAN_POINT('',(39.01465161381,72.118412875155,
    51.879175966558));
#1123 = CARTESIAN_POINT('',(38.936766637598,72.089867988464,
    51.384011684461));
#1124 = CARTESIAN_POINT('',(38.860979452293,72.059406388437,
    50.888735181564));
#1125 = CARTESIAN_POINT('',(38.787135413111,72.027084648724,
    50.39336486129));
#1126 = CARTESIAN_POINT('',(38.620799897056,71.948246805862,
    49.249152042505));
#1127 = CARTESIAN_POINT('',(38.529609983931,71.900433925574,
    48.600260274184));
#1128 = CARTESIAN_POINT('',(38.441270218291,71.849607387415,
    47.951271800387));
#1129 = CARTESIAN_POINT('',(38.355610210116,71.795828820949,
    47.302214026065));
#1130 = CARTESIAN_POINT('',(38.272524770482,71.73913570215,
    46.653109164808));
#1131 = CARTESIAN_POINT('',(38.191950847391,71.679549777818,
    46.003975669588));
#1132 = CARTESIAN_POINT('',(38.113856762032,71.617080953216,
    45.354828894824));
#1133 = CARTESIAN_POINT('',(37.900005693227,71.432243874344,
    43.518888740539));
#1134 = CARTESIAN_POINT('',(37.770061788638,71.303119829158,
    42.332118905442));
#1135 = CARTESIAN_POINT('',(37.648411361972,71.164340496798,
    41.145434270149));
#1136 = CARTESIAN_POINT('',(37.535371120285,71.015776463398,
    39.958906291037));
#1137 = CARTESIAN_POINT('',(37.431501341877,70.857210007332,
    38.772619287372));
#1138 = CARTESIAN_POINT('',(37.337590641692,70.688340905103,
    37.586671617678));
#1139 = CARTESIAN_POINT('',(37.25472923706,70.508759021198,
    36.40117522809));
#1140 = CARTESIAN_POINT('',(37.150575164741,70.225659431934,
    34.643852968363));
#1141 = CARTESIAN_POINT('',(37.119598415542,70.130810002325,
    34.07159297477));
#1142 = CARTESIAN_POINT('',(37.091748382206,70.033256921875,
    33.499488999747));
#1143 = CARTESIAN_POINT('',(37.067232926056,69.932923501302,
    32.927560774648));
#1144 = CARTESIAN_POINT('',(37.046292154956,69.829722125687,
    32.355833765408));
#1145 = CARTESIAN_POINT('',(37.029208162514,69.723550750959,
    31.784339404025));
#1146 = CARTESIAN_POINT('',(37.016322134681,69.614286678046,
    31.213115528207));
#1147 = CARTESIAN_POINT('',(37.000077026452,69.393101479563,
    30.090748185723));
#1148 = CARTESIAN_POINT('',(36.996408473878,69.281402156935,
    29.539605919369));
#1149 = CARTESIAN_POINT('',(36.997438410919,69.166537936044,
    28.988802217182));
#1150 = CARTESIAN_POINT('',(37.003620172755,69.048346732731,
    28.438384680814));
#1151 = CARTESIAN_POINT('',(37.015522645764,68.92662962405,
    27.888430111984));
#1152 = CARTESIAN_POINT('',(37.033846239178,68.80114554578,
    27.339045314045));
#1153 = CARTESIAN_POINT('',(37.059503866404,68.671582652724,
    26.790372184483));
#1154 = CARTESIAN_POINT('',(37.093863434964,68.537471851644,
    26.242604173198));
#1155 = ORIENTED_EDGE('',*,*,#1156,.T.);
#1156 = EDGE_CURVE('',#1066,#1064,#1157,.T.);
#1157 = B_SPLINE_CURVE_WITH_KNOTS('',7,(#1158,#1159,#1160,#1161,#1162,
    #1163,#1164,#1165,#1166,#1167,#1168,#1169,#1170,#1171,#1172,#1173,
    #1174,#1175,#1176,#1177,#1178,#1179,#1180,#1181,#1182,#1183,#1184,
    #1185,#1186,#1187,#1188,#1189,#1190,#1191,#1192,#1193,#1194,#1195,
    #1196,#1197,#1198,#1199,#1200,#1201,#1202,#1203,#1204,#1205,#1206,
    #1207,#1208,#1209,#1210,#1211,#1212,#1213),.UNSPECIFIED.,.F.,.F.,(8,
    6,6,6,6,6,6,6,6,8),(0.,0.253121905913,0.661444168071,0.776153706359,
    0.808669102207,0.843531470383,0.884421750457,0.939006874807,
    0.970442531298,1.),.UNSPECIFIED.);
#1158 = CARTESIAN_POINT('',(37.093863434964,68.537471851644,
    26.242604173198));
#1159 = CARTESIAN_POINT('',(37.112877677575,68.463256271666,
    25.939474818043));
#1160 = CARTESIAN_POINT('',(37.134633267317,68.387614489411,
    25.636643082945));
#1161 = CARTESIAN_POINT('',(37.159331439198,68.310476554553,
    25.334134542453));
#1162 = CARTESIAN_POINT('',(37.187275272939,68.231740588835,
    25.032000080534));
#1163 = CARTESIAN_POINT('',(37.218869692971,68.15127278607,
    24.730315890582));
#1164 = CARTESIAN_POINT('',(37.254621468437,68.068907412138,
    24.429183475408));
#1165 = CARTESIAN_POINT('',(37.360500198595,67.848199623823,
    23.644054145353));
#1166 = CARTESIAN_POINT('',(37.4357498453,67.709349510355,
    23.169453287308));
#1167 = CARTESIAN_POINT('',(37.533616900733,67.562073129473,
    22.699729555971));
#1168 = CARTESIAN_POINT('',(37.629833660606,67.411825798911,
    22.220106019227));
#1169 = CARTESIAN_POINT('',(37.789105100474,67.240080239513,
    21.754106145931));
#1170 = CARTESIAN_POINT('',(37.945581113283,67.067231494917,
    21.284751416595));
#1171 = CARTESIAN_POINT('',(38.312926499658,66.79934717425,
    20.754294349277));
#1172 = CARTESIAN_POINT('',(38.414054524833,66.730379066464,
    20.628119344816));
#1173 = CARTESIAN_POINT('',(38.543912986847,66.649204604731,
    20.496191270117));
#1174 = CARTESIAN_POINT('',(38.710165321428,66.557476942764,
    20.378139453297));
#1175 = CARTESIAN_POINT('',(38.90432422434,66.475153154235,
    20.339696898624));
#1176 = CARTESIAN_POINT('',(39.107994843637,66.412295379045,
    20.394130882566));
#1177 = CARTESIAN_POINT('',(39.327572740642,66.357936293656,
    20.507074007692));
#1178 = CARTESIAN_POINT('',(39.77576819418,66.242169199602,
    20.718428228322));
#1179 = CARTESIAN_POINT('',(40.045668399065,66.257966533343,
    21.18969936088));
#1180 = CARTESIAN_POINT('',(40.352723131902,66.280847643989,
    21.754499609613));
#1181 = CARTESIAN_POINT('',(40.572381486866,66.327048782088,
    22.289114746797));
#1182 = CARTESIAN_POINT('',(40.754577222923,66.374196868658,
    22.772895146448));
#1183 = CARTESIAN_POINT('',(41.06628908196,66.47282518008,
    23.683655745267));
#1184 = CARTESIAN_POINT('',(41.210095080118,66.529994482606,
    24.15775978862));
#1185 = CARTESIAN_POINT('',(41.341286392717,66.59119824208,
    24.633677175107));
#1186 = CARTESIAN_POINT('',(41.461715168064,66.655604507292,
    25.110887361986));
#1187 = CARTESIAN_POINT('',(41.573118959022,66.722463715375,
    25.589014953161));
#1188 = CARTESIAN_POINT('',(41.676528513183,66.791347902258,
    26.067911599701));
#1189 = CARTESIAN_POINT('',(41.88582691567,66.944668441087,
    27.110174300862));
#1190 = CARTESIAN_POINT('',(41.989014865072,67.029712772858,
    27.673666599031));
#1191 = CARTESIAN_POINT('',(42.083797964563,67.116465908533,
    28.237851838186));
#1192 = CARTESIAN_POINT('',(42.171064894914,67.20455574441,
    28.802588724465));
#1193 = CARTESIAN_POINT('',(42.251523266447,67.293688930495,
    29.3677738376));
#1194 = CARTESIAN_POINT('',(42.325724223902,67.383640429371,
    29.933340658174));
#1195 = CARTESIAN_POINT('',(42.485437769319,67.595153536152,
    31.254703573698));
#1196 = CARTESIAN_POINT('',(42.566412235576,67.717206736653,
    32.010738885141));
#1197 = CARTESIAN_POINT('',(42.638130650773,67.839949770833,
    32.767246773646));
#1198 = CARTESIAN_POINT('',(42.701368865984,67.96306851379,
    33.524137804036));
#1199 = CARTESIAN_POINT('',(42.756732318622,68.086319578901,
    34.28134388323));
#1200 = CARTESIAN_POINT('',(42.804725096069,68.209503059452,
    35.038816690432));
#1201 = CARTESIAN_POINT('',(42.869381884103,68.403271729359,
    36.232894960125));
#1202 = CARTESIAN_POINT('',(42.89070128456,68.474009831494,
    36.669352606802));
#1203 = CARTESIAN_POINT('',(42.909789284534,68.544643458769,
    37.105890496121));
#1204 = CARTESIAN_POINT('',(42.926714220202,68.615144981296,
    37.542498250428));
#1205 = CARTESIAN_POINT('',(42.941536320407,68.685489971812,
    37.979165466902));
#1206 = CARTESIAN_POINT('',(42.954308805956,68.755656784778,
    38.415881715255));
#1207 = CARTESIAN_POINT('',(42.975205685182,68.891415023747,
    39.26329654284));
#1208 = CARTESIAN_POINT('',(42.983562054094,68.957030230106,
    39.673996168351));
#1209 = CARTESIAN_POINT('',(42.990188417901,69.022456521866,
    40.084731220696));
#1210 = CARTESIAN_POINT('',(42.995117250305,69.087680531786,
    40.495497683257));
#1211 = CARTESIAN_POINT('',(42.998378780906,69.152690748552,
    40.906291680422));
#1212 = CARTESIAN_POINT('',(43.000000419466,69.217477410529,
    41.317109480257));
#1213 = CARTESIAN_POINT('',(43.,69.282032302755,41.727947533481));
#1214 = FACE_BOUND('',#1215,.T.);
#1215 = EDGE_LOOP('',(#1216,#1337));
#1216 = ORIENTED_EDGE('',*,*,#1217,.T.);
#1217 = EDGE_CURVE('',#1218,#1220,#1222,.T.);
#1218 = VERTEX_POINT('',#1219);
#1219 = CARTESIAN_POINT('',(-37.,69.282032302755,29.554484837599));
#1220 = VERTEX_POINT('',#1221);
#1221 = CARTESIAN_POINT('',(-40.43101275727,66.313155747041,
    22.014927673403));
#1222 = B_SPLINE_CURVE_WITH_KNOTS('',8,(#1223,#1224,#1225,#1226,#1227,
    #1228,#1229,#1230,#1231,#1232,#1233,#1234,#1235,#1236,#1237,#1238,
    #1239,#1240,#1241,#1242,#1243,#1244,#1245,#1246,#1247,#1248,#1249,
    #1250,#1251,#1252,#1253,#1254,#1255,#1256,#1257,#1258,#1259,#1260,
    #1261,#1262,#1263,#1264,#1265,#1266,#1267,#1268,#1269,#1270,#1271,
    #1272,#1273,#1274,#1275,#1276,#1277,#1278,#1279,#1280,#1281,#1282,
    #1283,#1284,#1285,#1286,#1287,#1288,#1289,#1290,#1291,#1292,#1293,
    #1294,#1295,#1296,#1297,#1298,#1299,#1300,#1301,#1302,#1303,#1304,
    #1305,#1306,#1307,#1308,#1309,#1310,#1311,#1312,#1313,#1314,#1315,
    #1316,#1317,#1318,#1319,#1320,#1321,#1322,#1323,#1324,#1325,#1326,
    #1327,#1328,#1329,#1330,#1331,#1332,#1333,#1334,#1335,#1336),
  .UNSPECIFIED.,.F.,.F.,(9,7,7,7,7,7,7,7,7,7,7,7,7,7,7,7,9),(0.,
    9.256353453223E-02,0.176448176147,0.236928774697,0.268914549346,
    0.300892587904,0.325790735534,0.355429997167,0.373432198211,
    0.431873106415,0.515827531559,0.60512482967,0.762935417631,
    0.835490821771,0.909235715844,0.956618862082,1.),.UNSPECIFIED.);
#1223 = CARTESIAN_POINT('',(-37.,69.282032302755,29.554484837599));
#1224 = CARTESIAN_POINT('',(-37.,69.486634817295,30.542381613637));
#1225 = CARTESIAN_POINT('',(-37.0159471426,69.68075918285,
    31.531447851169));
#1226 = CARTESIAN_POINT('',(-37.04498595222,69.86542758493,
    32.521401108718));
#1227 = CARTESIAN_POINT('',(-37.08537101275,70.041263893494,
    33.512029585102));
#1228 = CARTESIAN_POINT('',(-37.13573832456,70.208761571462,
    34.503172906532));
#1229 = CARTESIAN_POINT('',(-37.19507653404,70.368293003107,
    35.494722198312));
#1230 = CARTESIAN_POINT('',(-37.26257020141,70.520165727207,
    36.486615050166));
#1231 = CARTESIAN_POINT('',(-37.40557242637,70.795540187945,
    38.378024271445));
#1232 = CARTESIAN_POINT('',(-37.47973294263,70.92036118508,
    39.277442362668));
#1233 = CARTESIAN_POINT('',(-37.55959547487,71.039268037094,
    40.177047482413));
#1234 = CARTESIAN_POINT('',(-37.64480031923,71.152397984319,
    41.076799228112));
#1235 = CARTESIAN_POINT('',(-37.73507644138,71.259855616895,
    41.976659638982));
#1236 = CARTESIAN_POINT('',(-37.83023143006,71.361716763073,
    42.876593145932));
#1237 = CARTESIAN_POINT('',(-37.93015731819,71.458026440507,
    43.776566111316));
#1238 = CARTESIAN_POINT('',(-38.11033704788,71.614231777763,
    45.325428981605));
#1239 = CARTESIAN_POINT('',(-38.18830087661,71.676789492964,
    45.974311382449));
#1240 = CARTESIAN_POINT('',(-38.26874173703,71.736466888636,
    46.623181035118));
#1241 = CARTESIAN_POINT('',(-38.35169028018,71.793254438176,
    47.272022652229));
#1242 = CARTESIAN_POINT('',(-38.43720834277,71.847130845481,
    47.920817887284));
#1243 = CARTESIAN_POINT('',(-38.52539956069,71.898059211992,
    48.56954468269));
#1244 = CARTESIAN_POINT('',(-38.61643208199,71.945978741128,
    49.21817586345));
#1245 = CARTESIAN_POINT('',(-38.760360954,72.014491913635,
    50.209643332062));
#1246 = CARTESIAN_POINT('',(-38.81100921712,72.037319137692,
    50.552515011545));
#1247 = CARTESIAN_POINT('',(-38.86255893248,72.059259061758,
    50.895286331427));
#1248 = CARTESIAN_POINT('',(-38.91505676559,72.080294980756,
    51.237951670622));
#1249 = CARTESIAN_POINT('',(-38.96855971044,72.100406433727,
    51.58050512684));
#1250 = CARTESIAN_POINT('',(-39.02313951638,72.119567562495,
    51.922940172904));
#1251 = CARTESIAN_POINT('',(-39.078887115,72.137745470325,
    52.265249313066));
#1252 = CARTESIAN_POINT('',(-39.19293318562,72.172047542176,
    52.949515407129));
#1253 = CARTESIAN_POINT('',(-39.25123342859,72.188175791216,
    53.291512807182));
#1254 = CARTESIAN_POINT('',(-39.31094912605,72.203235132352,
    53.63340413848));
#1255 = CARTESIAN_POINT('',(-39.37221536285,72.217175558981,
    53.975173461454));
#1256 = CARTESIAN_POINT('',(-39.43520231096,72.229933659968,
    54.316797593061));
#1257 = CARTESIAN_POINT('',(-39.50014658178,72.241421026375,
    54.658243001881));
#1258 = CARTESIAN_POINT('',(-39.56738257861,72.251512658185,
    54.999462703211));
#1259 = CARTESIAN_POINT('',(-39.69186915464,72.266671167722,
    55.605842102333));
#1260 = CARTESIAN_POINT('',(-39.74816164346,72.272304915715,
    55.871062062427));
#1261 = CARTESIAN_POINT('',(-39.806259666,72.276936699075,
    56.136084607854));
#1262 = CARTESIAN_POINT('',(-39.86640786719,72.280476081792,
    56.400886557285));
#1263 = CARTESIAN_POINT('',(-39.92908718644,72.282742107782,
    56.665389974654));
#1264 = CARTESIAN_POINT('',(-39.99501485763,72.283463300879,
    56.92946216916));
#1265 = CARTESIAN_POINT('',(-40.06514440906,72.282277664844,
    57.192915695265));
#1266 = CARTESIAN_POINT('',(-40.23056770172,72.274512665255,
    57.768103996042));
#1267 = CARTESIAN_POINT('',(-40.2870892824,72.26953488362,
    57.943753447159));
#1268 = CARTESIAN_POINT('',(-40.33629586187,72.262160680363,
    58.062759181494));
#1269 = CARTESIAN_POINT('',(-40.39645660151,72.258924236725,
    58.270717580401));
#1270 = CARTESIAN_POINT('',(-40.49958134544,72.246478087075,
    58.555887323539));
#1271 = CARTESIAN_POINT('',(-40.65013453074,72.217122220974,
    58.855042865318));
#1272 = CARTESIAN_POINT('',(-40.81733807927,72.179929115401,
    59.1353675392));
#1273 = CARTESIAN_POINT('',(-41.20332911843,72.034538542815,
    59.078423473313));
#1274 = CARTESIAN_POINT('',(-41.29778012875,71.989129321879,
    58.948454197556));
#1275 = CARTESIAN_POINT('',(-41.37521991574,71.95118061449,
    58.834149382453));
#1276 = CARTESIAN_POINT('',(-41.43544300406,71.917611565332,
    58.699524960148));
#1277 = CARTESIAN_POINT('',(-41.47596635975,71.893749989822,
    58.594567025963));
#1278 = CARTESIAN_POINT('',(-41.51108429785,71.875234740458,
    58.528706295155));
#1279 = CARTESIAN_POINT('',(-41.56216985857,71.843681011491,
    58.380762208536));
#1280 = CARTESIAN_POINT('',(-41.7386632117,71.732040611935,
    57.844283297828));
#1281 = CARTESIAN_POINT('',(-41.83702704561,71.658536067548,
    57.426554920768));
#1282 = CARTESIAN_POINT('',(-41.92666526967,71.587228966689,
    57.00729817732));
#1283 = CARTESIAN_POINT('',(-42.0048171812,71.519137843737,
    56.586657895535));
#1284 = CARTESIAN_POINT('',(-42.07407713167,71.453387268333,
    56.165389684894));
#1285 = CARTESIAN_POINT('',(-42.13972757821,71.388125700386,
    55.744324726215));
#1286 = CARTESIAN_POINT('',(-42.19927722181,71.324169965276,
    55.32246729459));
#1287 = CARTESIAN_POINT('',(-42.33512785168,71.169338965781,
    54.291682520475));
#1288 = CARTESIAN_POINT('',(-42.40659293099,71.079370980695,
    53.683220671278));
#1289 = CARTESIAN_POINT('',(-42.47151192287,70.989980089098,
    53.074287628759));
#1290 = CARTESIAN_POINT('',(-42.53076612934,70.900854217095,
    52.465013132086));
#1291 = CARTESIAN_POINT('',(-42.58507624873,70.811737855218,
    51.85549703709));
#1292 = CARTESIAN_POINT('',(-42.63485487713,70.722484046134,
    51.245794549265));
#1293 = CARTESIAN_POINT('',(-42.68044334663,70.632969639029,
    50.635939345321));
#1294 = CARTESIAN_POINT('',(-42.76635439742,70.447527770939,
    49.37711794058));
#1295 = CARTESIAN_POINT('',(-42.80615650515,70.35155838749,
    48.728160505993));
#1296 = CARTESIAN_POINT('',(-42.84176209416,70.255098804644,
    48.079102876695));
#1297 = CARTESIAN_POINT('',(-42.87334712861,70.158085979775,
    47.429973477292));
#1298 = CARTESIAN_POINT('',(-42.90101948916,70.060481455997,
    46.780795238335));
#1299 = CARTESIAN_POINT('',(-42.92484341418,69.962262548712,
    46.131587124899));
#1300 = CARTESIAN_POINT('',(-42.94485083479,69.863418241428,
    45.482364837394));
#1301 = CARTESIAN_POINT('',(-42.98964919426,69.588164240847,
    43.685799752232));
#1302 = CARTESIAN_POINT('',(-43.0063335012,69.410432240004,
    42.538475419792));
#1303 = CARTESIAN_POINT('',(-43.01108836766,69.230757217158,
    41.391227900507));
#1304 = CARTESIAN_POINT('',(-43.00362603388,69.049249727419,
    40.244123652072));
#1305 = CARTESIAN_POINT('',(-42.98344593936,68.866103215217,
    39.097238976007));
#1306 = CARTESIAN_POINT('',(-42.94984931758,68.681589933225,
    37.950660980555));
#1307 = CARTESIAN_POINT('',(-42.90188303751,68.496083035639,
    36.80448703378));
#1308 = CARTESIAN_POINT('',(-42.8089182159,68.22460781768,
    35.132090756934));
#1309 = CARTESIAN_POINT('',(-42.77631578741,68.139007311989,
    34.605470768827));
#1310 = CARTESIAN_POINT('',(-42.74025997726,68.053360753338,
    34.078974755843));
#1311 = CARTESIAN_POINT('',(-42.70060115067,67.967727442011,
    33.552617026022));
#1312 = CARTESIAN_POINT('',(-42.65716905798,67.882175366272,
    33.026415332772));
#1313 = CARTESIAN_POINT('',(-42.6097675561,67.796783304012,
    32.500390976786));
#1314 = CARTESIAN_POINT('',(-42.5581659149,67.711644232197,
    31.974568985868));
#1315 = CARTESIAN_POINT('',(-42.445088127,67.540706048532,
    30.914771106403));
#1316 = CARTESIAN_POINT('',(-42.3834651964,67.454920772827,
    30.380813976032));
#1317 = CARTESIAN_POINT('',(-42.31692468584,67.369630659203,
    29.847128114692));
#1318 = CARTESIAN_POINT('',(-42.24512601602,67.284973511628,
    29.313750100908));
#1319 = CARTESIAN_POINT('',(-42.16765804505,67.201117917412,
    28.780733335465));
#1320 = CARTESIAN_POINT('',(-42.08402456376,67.118269245683,
    28.248148762806));
#1321 = CARTESIAN_POINT('',(-41.99359972221,67.036687385069,
    27.716087213025));
#1322 = CARTESIAN_POINT('',(-41.83249219432,66.905357426839,
    26.843212494562));
#1323 = CARTESIAN_POINT('',(-41.76631534368,66.854654662177,
    26.502037263728));
#1324 = CARTESIAN_POINT('',(-41.69673575769,66.804723855431,
    26.161164988692));
#1325 = CARTESIAN_POINT('',(-41.62349119783,66.755674259579,
    25.820634658621));
#1326 = CARTESIAN_POINT('',(-41.54626734363,66.707639176542,
    25.480503204023));
#1327 = CARTESIAN_POINT('',(-41.46465965012,66.66079151971,
    25.140849489546));
#1328 = CARTESIAN_POINT('',(-41.3781352053,66.615359376454,
    24.801778306791));
#1329 = CARTESIAN_POINT('',(-41.20163622051,66.531616196373,
    24.153647999622));
#1330 = CARTESIAN_POINT('',(-41.11269614882,66.493013043039,
    23.844614659647));
#1331 = CARTESIAN_POINT('',(-41.01832757721,66.456158083913,
    23.536334021306));
#1332 = CARTESIAN_POINT('',(-40.91793864642,66.421292634356,
    23.228871392977));
#1333 = CARTESIAN_POINT('',(-40.81079507339,66.388744182801,
    22.922427598138));
#1334 = CARTESIAN_POINT('',(-40.69562279146,66.359097221729,
    22.617418856202));
#1335 = CARTESIAN_POINT('',(-40.57021059053,66.333364078642,
    22.314556663357));
#1336 = CARTESIAN_POINT('',(-40.43101275727,66.313155747041,
    22.014927673403));
#1337 = ORIENTED_EDGE('',*,*,#1338,.T.);
#1338 = EDGE_CURVE('',#1220,#1218,#1339,.T.);
#1339 = B_SPLINE_CURVE_WITH_KNOTS('',7,(#1340,#1341,#1342,#1343,#1344,
    #1345,#1346,#1347,#1348,#1349,#1350,#1351,#1352,#1353,#1354,#1355,
    #1356,#1357,#1358,#1359,#1360,#1361,#1362,#1363,#1364,#1365,#1366,
    #1367,#1368,#1369,#1370,#1371),.UNSPECIFIED.,.F.,.F.,(8,6,6,6,6,8),(
    0.,0.214845351894,0.373062024686,0.526567126623,0.776085369156,1.),
  .UNSPECIFIED.);
#1340 = CARTESIAN_POINT('',(-40.43101275727,66.313155747041,
    22.014927673403));
#1341 = CARTESIAN_POINT('',(-40.27081866474,66.289899240337,
    21.670103382565));
#1342 = CARTESIAN_POINT('',(-40.14199866533,66.281079640795,
    21.435925795723));
#1343 = CARTESIAN_POINT('',(-39.99754939931,66.275143707197,
    21.190045382622));
#1344 = CARTESIAN_POINT('',(-39.79787793513,66.270440726587,
    20.86377554352));
#1345 = CARTESIAN_POINT('',(-39.52107469357,66.292078054267,
    20.534507326649));
#1346 = CARTESIAN_POINT('',(-39.1746543316,66.363291624086,
    20.297219042619));
#1347 = CARTESIAN_POINT('',(-38.46632515078,66.682717725301,
    20.514536766329));
#1348 = CARTESIAN_POINT('',(-38.26806934577,66.809913069318,
    20.72874575248));
#1349 = CARTESIAN_POINT('',(-38.13018183373,66.924251440308,
    20.983351230173));
#1350 = CARTESIAN_POINT('',(-38.02240191794,67.025048849186,
    21.229955809959));
#1351 = CARTESIAN_POINT('',(-37.92598854064,67.115520110745,
    21.453412138706));
#1352 = CARTESIAN_POINT('',(-37.83372028302,67.202778843653,
    21.671822899609));
#1353 = CARTESIAN_POINT('',(-37.66856668899,67.390065324456,
    22.193375628878));
#1354 = CARTESIAN_POINT('',(-37.59826360833,67.478441880495,
    22.452856321275));
#1355 = CARTESIAN_POINT('',(-37.53656983489,67.563673238041,
    22.714177857667));
#1356 = CARTESIAN_POINT('',(-37.48161702209,67.646313728763,
    22.97675129608));
#1357 = CARTESIAN_POINT('',(-37.4320847651,67.726765916531,
    23.240203784274));
#1358 = CARTESIAN_POINT('',(-37.38720060082,67.805280597415,
    23.504378559742));
#1359 = CARTESIAN_POINT('',(-37.28097244765,68.006591818292,
    24.200014138465));
#1360 = CARTESIAN_POINT('',(-37.22645601435,68.126441598644,
    24.632380585945));
#1361 = CARTESIAN_POINT('',(-37.18067858681,68.242326890519,
    25.065940897676));
#1362 = CARTESIAN_POINT('',(-37.14225460575,68.354694759531,
    25.500390491074));
#1363 = CARTESIAN_POINT('',(-37.11022879212,68.46385833191,
    25.93553314965));
#1364 = CARTESIAN_POINT('',(-37.08378243452,68.570097252839,
    26.371247521655));
#1365 = CARTESIAN_POINT('',(-37.04310208169,68.766517885945,
    27.198988727538));
#1366 = CARTESIAN_POINT('',(-37.02789092641,68.857221445624,
    27.590873882751));
#1367 = CARTESIAN_POINT('',(-37.01627635387,68.945878165769,
    27.983093402676));
#1368 = CARTESIAN_POINT('',(-37.0079282957,69.032600989742,
    28.375598113474));
#1369 = CARTESIAN_POINT('',(-37.00257879103,69.117482806205,
    28.768349528111));
#1370 = CARTESIAN_POINT('',(-36.99999993127,69.200604054159,
    29.161318434549));
#1371 = CARTESIAN_POINT('',(-37.,69.282032302755,29.554484837599));
#1372 = FACE_BOUND('',#1373,.T.);
#1373 = EDGE_LOOP('',(#1374,#1418));
#1374 = ORIENTED_EDGE('',*,*,#1375,.T.);
#1375 = EDGE_CURVE('',#1376,#1378,#1380,.T.);
#1376 = VERTEX_POINT('',#1377);
#1377 = CARTESIAN_POINT('',(43.,-69.28203230275,41.727947533481));
#1378 = VERTEX_POINT('',#1379);
#1379 = CARTESIAN_POINT('',(38.88341792386,-66.49756745879,
    20.398453881139));
#1380 = B_SPLINE_CURVE_WITH_KNOTS('',8,(#1381,#1382,#1383,#1384,#1385,
    #1386,#1387,#1388,#1389,#1390,#1391,#1392,#1393,#1394,#1395,#1396,
    #1397,#1398,#1399,#1400,#1401,#1402,#1403,#1404,#1405,#1406,#1407,
    #1408,#1409,#1410,#1411,#1412,#1413,#1414,#1415,#1416,#1417),
  .UNSPECIFIED.,.F.,.F.,(9,7,7,7,7,9),(0.,0.340461620134,0.666660499061,
    0.749095543327,0.887575716054,1.),.UNSPECIFIED.);
#1381 = CARTESIAN_POINT('',(43.,-69.28203230275,41.727947533481));
#1382 = CARTESIAN_POINT('',(43.,-69.13295616971,40.779202471897));
#1383 = CARTESIAN_POINT('',(42.991533950038,-68.9826709453,
    39.830572587523));
#1384 = CARTESIAN_POINT('',(42.97436081033,-68.83126843282,
    38.882087699853));
#1385 = CARTESIAN_POINT('',(42.948134744052,-68.67888193866,
    37.933788071046));
#1386 = CARTESIAN_POINT('',(42.912401002992,-68.52568865523,
    36.985724859514));
#1387 = CARTESIAN_POINT('',(42.866587088046,-68.37191369287,
    36.037960234033));
#1388 = CARTESIAN_POINT('',(42.809963487154,-68.21784552913,
    35.090567313012));
#1389 = CARTESIAN_POINT('',(42.675999173397,-67.91635004541,
    33.236362310302));
#1390 = CARTESIAN_POINT('',(42.599632213964,-67.76893246987,
    32.329618225803));
#1391 = CARTESIAN_POINT('',(42.511588146166,-67.62194390959,
    31.423378586476));
#1392 = CARTESIAN_POINT('',(42.41075782862,-67.47582041014,
    30.517717567971));
#1393 = CARTESIAN_POINT('',(42.295828662,-67.33109472374,29.612796157996
    ));
#1394 = CARTESIAN_POINT('',(42.164866507932,-67.18856353319,
    28.708888291917));
#1395 = CARTESIAN_POINT('',(42.015509512774,-67.04921511316,
    27.806366667944));
#1396 = CARTESIAN_POINT('',(41.799519523202,-66.88103686603,
    26.678213637334));
#1397 = CARTESIAN_POINT('',(41.75447162339,-66.84743772403,
    26.450758741996));
#1398 = CARTESIAN_POINT('',(41.707880235595,-66.81419480515,
    26.223444698625));
#1399 = CARTESIAN_POINT('',(41.659661846673,-66.78134312755,
    25.996284903792));
#1400 = CARTESIAN_POINT('',(41.60971737836,-66.74892450469,
    25.769296366559));
#1401 = CARTESIAN_POINT('',(41.557932187276,-66.7169875453,
    25.542499708476));
#1402 = CARTESIAN_POINT('',(41.504176064924,-66.68558765342,
    25.315919163587));
#1403 = CARTESIAN_POINT('',(41.35444414129,-66.60304597682,
    24.709366498151));
#1404 = CARTESIAN_POINT('',(41.254613708938,-66.55306285068,
    24.330132646651));
#1405 = CARTESIAN_POINT('',(41.148249363192,-66.50501178872,
    23.951690721784));
#1406 = CARTESIAN_POINT('',(41.034043203637,-66.45942163686,
    23.574173447329));
#1407 = CARTESIAN_POINT('',(40.910737565017,-66.41684198551,
    23.197882900072));
#1408 = CARTESIAN_POINT('',(40.776908386284,-66.37793704165,
    22.823327268384));
#1409 = CARTESIAN_POINT('',(40.629736390551,-66.34400733539,
    22.451448042288));
#1410 = CARTESIAN_POINT('',(40.327212244044,-66.29677605411,
    21.785757735896));
#1411 = CARTESIAN_POINT('',(40.211393419054,-66.28723583882,
    21.56810725674));
#1412 = CARTESIAN_POINT('',(40.094880017045,-66.27710696831,
    21.346980054131));
#1413 = CARTESIAN_POINT('',(39.949213501429,-66.27163225822,
    21.101028243708));
#1414 = CARTESIAN_POINT('',(39.75792207964,-66.27736700046,
    20.832979801742));
#1415 = CARTESIAN_POINT('',(39.520025924155,-66.29994701853,
    20.564031591322));
#1416 = CARTESIAN_POINT('',(39.237031917874,-66.35576676469,
    20.361317813181));
#1417 = CARTESIAN_POINT('',(38.88341792386,-66.49756745879,
    20.398453881139));
#1418 = ORIENTED_EDGE('',*,*,#1419,.T.);
#1419 = EDGE_CURVE('',#1378,#1376,#1420,.T.);
#1420 = B_SPLINE_CURVE_WITH_KNOTS('',8,(#1421,#1422,#1423,#1424,#1425,
    #1426,#1427,#1428,#1429,#1430,#1431,#1432,#1433,#1434,#1435,#1436,
    #1437,#1438,#1439,#1440,#1441,#1442,#1443,#1444,#1445,#1446,#1447,
    #1448,#1449,#1450,#1451,#1452,#1453,#1454,#1455,#1456,#1457,#1458,
    #1459,#1460,#1461,#1462,#1463,#1464,#1465,#1466,#1467,#1468,#1469,
    #1470,#1471,#1472,#1473,#1474,#1475,#1476,#1477,#1478,#1479,#1480,
    #1481,#1482,#1483,#1484,#1485,#1486,#1487,#1488,#1489,#1490,#1491,
    #1492,#1493,#1494,#1495,#1496,#1497,#1498,#1499,#1500,#1501,#1502,
    #1503,#1504,#1505,#1506,#1507,#1508,#1509,#1510,#1511,#1512,#1513,
    #1514,#1515,#1516,#1517,#1518,#1519,#1520,#1521,#1522,#1523,#1524,
    #1525,#1526,#1527,#1528,#1529,#1530,#1531,#1532,#1533,#1534),
  .UNSPECIFIED.,.F.,.F.,(9,7,7,7,7,7,7,7,7,7,7,7,7,7,7,7,9),(0.,
    7.923952722644E-03,2.28996178424E-02,3.760039371217E-02,
    7.366112416972E-02,0.109576839776,0.132240111457,0.144219889545,
    0.156193595995,0.164190290068,0.179634933658,0.249495592153,
    0.333729092644,0.499646654717,0.748382065627,0.872861274293,1.),
  .UNSPECIFIED.);
#1421 = CARTESIAN_POINT('',(38.88341792386,-66.49756745879,
    20.398453881139));
#1422 = CARTESIAN_POINT('',(38.618571348353,-66.60377204592,
    20.426267713716));
#1423 = CARTESIAN_POINT('',(38.422293514155,-66.71176941949,
    20.565415365836));
#1424 = CARTESIAN_POINT('',(38.275257087559,-66.81367548594,
    20.754943629019));
#1425 = CARTESIAN_POINT('',(38.161389297195,-66.90524302,20.953524043013
    ));
#1426 = CARTESIAN_POINT('',(38.067871934033,-66.98586166461,
    21.139452895784));
#1427 = CARTESIAN_POINT('',(37.985141351378,-67.05855793098,
    21.310651223526));
#1428 = CARTESIAN_POINT('',(37.906888464875,-67.12999519855,
    21.484664810652));
#1429 = CARTESIAN_POINT('',(37.684856467239,-67.36257196118,
    22.103106663166));
#1430 = CARTESIAN_POINT('',(37.573924924094,-67.5030502295,
    22.516210412675));
#1431 = CARTESIAN_POINT('',(37.480797333876,-67.63691661125,
    22.933339840634));
#1432 = CARTESIAN_POINT('',(37.402683311837,-67.76486411836,
    23.353060577713));
#1433 = CARTESIAN_POINT('',(37.336690613633,-67.88772609862,
    23.774321406238));
#1434 = CARTESIAN_POINT('',(37.279601078744,-68.00654657998,
    24.196436740159));
#1435 = CARTESIAN_POINT('',(37.230956303226,-68.1215737746,
    24.619725026984));
#1436 = CARTESIAN_POINT('',(37.14822713433,-68.34334196092,
    25.461791884488));
#1437 = CARTESIAN_POINT('',(37.114112453297,-68.44977519827,
    25.879015277618));
#1438 = CARTESIAN_POINT('',(37.085776343887,-68.55319954761,
    26.29634332311));
#1439 = CARTESIAN_POINT('',(37.062494187475,-68.65389562057,
    26.71380322737));
#1440 = CARTESIAN_POINT('',(37.043714198115,-68.75207745932,
    27.131417534083));
#1441 = CARTESIAN_POINT('',(37.028990885314,-68.84791646792,
    27.549198510666));
#1442 = CARTESIAN_POINT('',(37.017969371282,-68.94154735998,
    27.967146961618));
#1443 = CARTESIAN_POINT('',(36.991650255498,-69.25761438682,
    29.410843287434));
#1444 = CARTESIAN_POINT('',(36.993394953717,-69.46969405257,
    30.438096104563));
#1445 = CARTESIAN_POINT('',(37.011208568507,-69.6708722416,
    31.466551145702));
#1446 = CARTESIAN_POINT('',(37.042725492777,-69.86198308006,
    32.495889789128));
#1447 = CARTESIAN_POINT('',(37.086060529983,-70.04370161443,
    33.525876622128));
#1448 = CARTESIAN_POINT('',(37.139901241033,-70.21650782999,
    34.556365289395));
#1449 = CARTESIAN_POINT('',(37.203174175162,-70.38080600346,
    35.587283926193));
#1450 = CARTESIAN_POINT('',(37.346667200634,-70.69239619267,
    37.645844344348));
#1451 = CARTESIAN_POINT('',(37.426811198226,-70.83974106559,
    38.673395435742));
#1452 = CARTESIAN_POINT('',(37.51468100539,-70.97925748457,
    39.701222997672));
#1453 = CARTESIAN_POINT('',(37.609679703398,-71.11117206965,
    40.729263243086));
#1454 = CARTESIAN_POINT('',(37.711367597399,-71.23565364442,
    41.757457578133));
#1455 = CARTESIAN_POINT('',(37.819435801712,-71.35282333462,
    42.785752555964));
#1456 = CARTESIAN_POINT('',(37.933715494692,-71.4627513028,
    43.814098962565));
#1457 = CARTESIAN_POINT('',(38.130264507138,-71.63023806354,
    45.491352592588));
#1458 = CARTESIAN_POINT('',(38.208785695448,-71.69215284882,
    46.140251614675));
#1459 = CARTESIAN_POINT('',(38.289788947821,-71.75118567187,
    46.789134904604));
#1460 = CARTESIAN_POINT('',(38.373310529357,-71.80732492491,
    47.43798688753));
#1461 = CARTESIAN_POINT('',(38.459418705692,-71.86054691664,
    48.086788733215));
#1462 = CARTESIAN_POINT('',(38.548225093321,-71.91081177066,
    48.735517653612));
#1463 = CARTESIAN_POINT('',(38.639909085036,-71.95805450109,
    49.384145374806));
#1464 = CARTESIAN_POINT('',(38.7848909721,-72.02549133406,
    50.375427031475));
#1465 = CARTESIAN_POINT('',(38.835909658599,-72.04793803996,
    50.718179038893));
#1466 = CARTESIAN_POINT('',(38.887855475547,-72.06949532607,
    51.060886496743));
#1467 = CARTESIAN_POINT('',(38.940778488072,-72.09014483319,
    51.403542935652));
#1468 = CARTESIAN_POINT('',(38.994739645911,-72.10986410566,
    51.746140341139));
#1469 = CARTESIAN_POINT('',(39.049815668425,-72.12862479691,
    52.088668769031));
#1470 = CARTESIAN_POINT('',(39.106103929618,-72.14639087504,
    52.431115960873));
#1471 = CARTESIAN_POINT('',(39.221321551756,-72.17983430446,
    53.115644446173));
#1472 = CARTESIAN_POINT('',(39.280243566155,-72.19551438869,
    53.457721427791));
#1473 = CARTESIAN_POINT('',(39.340636523741,-72.21010456986,
    53.799685417535));
#1474 = CARTESIAN_POINT('',(39.402645333273,-72.22355119052,
    54.141519407218));
#1475 = CARTESIAN_POINT('',(39.466453252358,-72.23578591416,
    54.48319817582));
#1476 = CARTESIAN_POINT('',(39.532318464945,-72.24671219234,
    54.82468459818));
#1477 = CARTESIAN_POINT('',(39.600610658817,-72.25619173188,
    55.165925953695));
#1478 = CARTESIAN_POINT('',(39.719423518881,-72.26926642751,
    55.734538060053));
#1479 = CARTESIAN_POINT('',(39.768373947574,-72.27374582625,
    55.962059444723));
#1480 = CARTESIAN_POINT('',(39.818756343988,-72.27744900181,
    56.18942002033));
#1481 = CARTESIAN_POINT('',(39.870753277459,-72.28030794652,
    56.416597234367));
#1482 = CARTESIAN_POINT('',(39.924672431829,-72.28220680154,
    56.643540350504));
#1483 = CARTESIAN_POINT('',(39.980946605444,-72.28298185685,
    56.870170448587));
#1484 = CARTESIAN_POINT('',(40.040133711156,-72.28242155131,
    57.096380424642));
#1485 = CARTESIAN_POINT('',(40.224174643167,-72.27610419971,
    57.757859385096));
#1486 = CARTESIAN_POINT('',(40.36186314196,-72.26621880878,
    58.205957521558));
#1487 = CARTESIAN_POINT('',(40.510029235867,-72.24527226876,
    58.585887702168));
#1488 = CARTESIAN_POINT('',(40.643794217639,-72.22037038902,
    58.866481660608));
#1489 = CARTESIAN_POINT('',(40.773731851803,-72.186245496,
    59.022874205945));
#1490 = CARTESIAN_POINT('',(40.891913204379,-72.14747637675,
    59.072742415984));
#1491 = CARTESIAN_POINT('',(40.946762493747,-72.12899270893,
    59.090465718509));
#1492 = CARTESIAN_POINT('',(41.151708737676,-72.05784433255,
    59.131627954376));
#1493 = CARTESIAN_POINT('',(41.271074369671,-72.00384679726,
    59.007124542209));
#1494 = CARTESIAN_POINT('',(41.361283014198,-71.9581701719,
    58.85626094313));
#1495 = CARTESIAN_POINT('',(41.427706568989,-71.92227595839,
    58.720360064093));
#1496 = CARTESIAN_POINT('',(41.473305185633,-71.89602811645,
    58.609830777887));
#1497 = CARTESIAN_POINT('',(41.505953223086,-71.87679967017,
    58.525711544684));
#1498 = CARTESIAN_POINT('',(41.541556976571,-71.85669338389,
    58.443141615175));
#1499 = CARTESIAN_POINT('',(41.677005050861,-71.77107360836,
    58.032032597298));
#1500 = CARTESIAN_POINT('',(41.74077636656,-71.72757516968,
    57.805117028744));
#1501 = CARTESIAN_POINT('',(41.797184553162,-71.68638957945,
    57.57681469357));
#1502 = CARTESIAN_POINT('',(41.848478452514,-71.64674693853,
    57.347717012118));
#1503 = CARTESIAN_POINT('',(41.896249324157,-71.60809906071,
    57.118205241137));
#1504 = CARTESIAN_POINT('',(41.941430845321,-71.57011947276,
    56.888450473785));
#1505 = CARTESIAN_POINT('',(41.984299110927,-71.53270341441,
    56.658413639625));
#1506 = CARTESIAN_POINT('',(42.103603773816,-71.42360853735,
    55.973687685865));
#1507 = CARTESIAN_POINT('',(42.173903525235,-71.35339081144,
    55.518515825242));
#1508 = CARTESIAN_POINT('',(42.238103381366,-71.284349923,
    55.062720494609));
#1509 = CARTESIAN_POINT('',(42.297174936874,-71.21614529117,
    54.606474159587));
#1510 = CARTESIAN_POINT('',(42.352026358993,-71.14845731087,
    54.149917306706));
#1511 = CARTESIAN_POINT('',(42.403118969869,-71.08112282714,
    53.693115064377));
#1512 = CARTESIAN_POINT('',(42.450883225969,-71.01398705852,
    53.236104589152));
#1513 = CARTESIAN_POINT('',(42.562667315445,-70.8464284721,
    52.093437023924));
#1514 = CARTESIAN_POINT('',(42.622895029864,-70.74612983239,
    51.407609688807));
#1515 = CARTESIAN_POINT('',(42.677298410923,-70.64568620784,
    50.721514055992));
#1516 = CARTESIAN_POINT('',(42.726417276217,-70.54490493376,
    50.035223003704));
#1517 = CARTESIAN_POINT('',(42.770612205409,-70.44365740236,
    49.348789716034));
#1518 = CARTESIAN_POINT('',(42.810141823884,-70.34185114763,
    48.662253263942));
#1519 = CARTESIAN_POINT('',(42.845163105195,-70.23942952843,
    47.975638547289));
#1520 = CARTESIAN_POINT('',(42.891109045254,-70.08476781944,
    46.945313879725));
#1521 = CARTESIAN_POINT('',(42.905333425584,-70.03301243065,
    46.60160742292));
#1522 = CARTESIAN_POINT('',(42.918470167028,-69.98108183994,
    46.257845580511));
#1523 = CARTESIAN_POINT('',(42.93052813879,-69.92897287365,
    45.914032664827));
#1524 = CARTESIAN_POINT('',(42.941513012429,-69.87668357272,
    45.570173022558));
#1525 = CARTESIAN_POINT('',(42.951427640501,-69.82421305993,
    45.226271055981));
#1526 = CARTESIAN_POINT('',(42.96027243519,-69.77156140709,
    44.882331244173));
#1527 = CARTESIAN_POINT('',(42.975985136671,-69.66476883582,
    44.187036047637));
#1528 = CARTESIAN_POINT('',(42.982806032462,-69.61062571797,
    43.835715486973));
#1529 = CARTESIAN_POINT('',(42.988506605216,-69.55630077832,
    43.484398725765));
#1530 = CARTESIAN_POINT('',(42.993083475451,-69.50179559832,
    43.133087959436));
#1531 = CARTESIAN_POINT('',(42.996530708718,-69.44711258958,
    42.78178534488));
#1532 = CARTESIAN_POINT('',(42.998839674541,-69.39225493295,
    42.430493007513));
#1533 = CARTESIAN_POINT('',(42.999999768862,-69.33722657792,
    42.079213045836));
#1534 = CARTESIAN_POINT('',(43.,-69.28203230275,41.727947533481));
#1535 = ( BOUNDED_SURFACE() B_SPLINE_SURFACE(2,2,(
    (#1536,#1537,#1538,#1539,#1540)
    ,(#1541,#1542,#1543,#1544,#1545)
    ,(#1546,#1547,#1548,#1549,#1550)
    ,(#1551,#1552,#1553,#1554,#1555)
    ,(#1556,#1557,#1558,#1559,#1560)
    ,(#1561,#1562,#1563,#1564,#1565)
    ,(#1566,#1567,#1568,#1569,#1570
)),.UNSPECIFIED.,.T.,.F.,.F.) B_SPLINE_SURFACE_WITH_KNOTS((1,2,2,2,2,1),
  (3,2,3),(-2.094395102393,0.,2.094395102393,4.188790204786,
    6.28318530718,8.377580409573),(-1.570796326795,0.,1.570796326795),
.UNSPECIFIED.) GEOMETRIC_REPRESENTATION_ITEM() RATIONAL_B_SPLINE_SURFACE
((
    (1.,0.707106781187,1.,0.707106781187,1.)
    ,(0.5,0.353553390593,0.5,0.353553390593,0.5)
    ,(1.,0.707106781187,1.,0.707106781187,1.)
    ,(0.5,0.353553390593,0.5,0.353553390593,0.5)
    ,(1.,0.707106781187,1.,0.707106781187,1.)
    ,(0.5,0.353553390593,0.5,0.353553390593,0.5)
,(1.,0.707106781187,1.,0.707106781187,1.
))) REPRESENTATION_ITEM('') SURFACE() );
#1536 = CARTESIAN_POINT('',(6.123233995737E-15,0.,-70.));
#1537 = CARTESIAN_POINT('',(100.,0.,-70.));
#1538 = CARTESIAN_POINT('',(100.,0.,80.));
#1539 = CARTESIAN_POINT('',(100.,0.,230.));
#1540 = CARTESIAN_POINT('',(6.123233995737E-15,0.,230.));
#1541 = CARTESIAN_POINT('',(6.123233995737E-15,8.484601909799E-15,-70.)
  );
#1542 = CARTESIAN_POINT('',(100.,138.56406460551,-70.));
#1543 = CARTESIAN_POINT('',(100.,138.56406460551,80.));
#1544 = CARTESIAN_POINT('',(100.,138.56406460551,230.));
#1545 = CARTESIAN_POINT('',(6.123233995737E-15,8.484601909799E-15,230.)
  );
#1546 = CARTESIAN_POINT('',(-3.061616997868E-15,4.2423009549E-15,-70.));
#1547 = CARTESIAN_POINT('',(-50.,69.282032302755,-70.));
#1548 = CARTESIAN_POINT('',(-50.,69.282032302755,80.));
#1549 = CARTESIAN_POINT('',(-50.,69.282032302755,230.));
#1550 = CARTESIAN_POINT('',(-3.061616997868E-15,4.2423009549E-15,230.));
#1551 = CARTESIAN_POINT('',(-1.224646799147E-14,1.199807826129E-30,-70.)
  );
#1552 = CARTESIAN_POINT('',(-200.,1.959434878636E-14,-70.));
#1553 = CARTESIAN_POINT('',(-200.,1.959434878636E-14,80.));
#1554 = CARTESIAN_POINT('',(-200.,1.959434878636E-14,230.));
#1555 = CARTESIAN_POINT('',(-1.224646799147E-14,1.199807826129E-30,230.)
  );
#1556 = CARTESIAN_POINT('',(-3.061616997868E-15,-4.2423009549E-15,-70.)
  );
#1557 = CARTESIAN_POINT('',(-50.,-69.28203230275,-70.));
#1558 = CARTESIAN_POINT('',(-50.,-69.28203230275,80.));
#1559 = CARTESIAN_POINT('',(-50.,-69.28203230275,230.));
#1560 = CARTESIAN_POINT('',(-3.061616997868E-15,-4.2423009549E-15,230.)
  );
#1561 = CARTESIAN_POINT('',(6.123233995737E-15,-8.484601909799E-15,-70.)
  );
#1562 = CARTESIAN_POINT('',(100.,-138.5640646055,-70.));
#1563 = CARTESIAN_POINT('',(100.,-138.5640646055,80.));
#1564 = CARTESIAN_POINT('',(100.,-138.5640646055,230.));
#1565 = CARTESIAN_POINT('',(6.123233995737E-15,-8.484601909799E-15,230.)
  );
#1566 = CARTESIAN_POINT('',(6.123233995737E-15,0.,-70.));
#1567 = CARTESIAN_POINT('',(100.,0.,-70.));
#1568 = CARTESIAN_POINT('',(100.,0.,80.));
#1569 = CARTESIAN_POINT('',(100.,0.,230.));
#1570 = CARTESIAN_POINT('',(6.123233995737E-15,0.,230.));
#1571 = ADVANCED_FACE('',(#1572),#1583,.F.);
#1572 = FACE_BOUND('',#1573,.T.);
#1573 = EDGE_LOOP('',(#1574,#1575,#1581,#1582));
#1574 = ORIENTED_EDGE('',*,*,#809,.T.);
#1575 = ORIENTED_EDGE('',*,*,#1576,.T.);
#1576 = EDGE_CURVE('',#810,#322,#1577,.T.);
#1577 = LINE('',#1578,#1579);
#1578 = CARTESIAN_POINT('',(-37.,69.282032302755,-20.));
#1579 = VECTOR('',#1580,1.);
#1580 = DIRECTION('',(0.,0.,1.));
#1581 = ORIENTED_EDGE('',*,*,#321,.F.);
#1582 = ORIENTED_EDGE('',*,*,#1576,.F.);
#1583 = CYLINDRICAL_SURFACE('',#1584,3.);
#1584 = AXIS2_PLACEMENT_3D('',#1585,#1586,#1587);
#1585 = CARTESIAN_POINT('',(-40.,69.282032302755,-20.));
#1586 = DIRECTION('',(-0.,-0.,-1.));
#1587 = DIRECTION('',(1.,0.,0.));
#1588 = ADVANCED_FACE('',(#1589),#1600,.F.);
#1589 = FACE_BOUND('',#1590,.T.);
#1590 = EDGE_LOOP('',(#1591,#1592,#1598,#1599));
#1591 = ORIENTED_EDGE('',*,*,#820,.T.);
#1592 = ORIENTED_EDGE('',*,*,#1593,.T.);
#1593 = EDGE_CURVE('',#821,#333,#1594,.T.);
#1594 = LINE('',#1595,#1596);
#1595 = CARTESIAN_POINT('',(43.,69.282032302755,-20.));
#1596 = VECTOR('',#1597,1.);
#1597 = DIRECTION('',(0.,0.,1.));
#1598 = ORIENTED_EDGE('',*,*,#332,.F.);
#1599 = ORIENTED_EDGE('',*,*,#1593,.F.);
#1600 = CYLINDRICAL_SURFACE('',#1601,3.);
#1601 = AXIS2_PLACEMENT_3D('',#1602,#1603,#1604);
#1602 = CARTESIAN_POINT('',(40.,69.282032302755,-20.));
#1603 = DIRECTION('',(-0.,-0.,-1.));
#1604 = DIRECTION('',(1.,0.,0.));
#1605 = ADVANCED_FACE('',(#1606,#1710),#1749,.F.);
#1606 = FACE_BOUND('',#1607,.T.);
#1607 = EDGE_LOOP('',(#1608,#1620,#1626,#1627,#1658,#1691,#1692,#1693,
    #1703));
#1608 = ORIENTED_EDGE('',*,*,#1609,.T.);
#1609 = EDGE_CURVE('',#1610,#1612,#1614,.T.);
#1610 = VERTEX_POINT('',#1611);
#1611 = CARTESIAN_POINT('',(82.419016258821,-1.774361952804,0.));
#1612 = VERTEX_POINT('',#1613);
#1613 = CARTESIAN_POINT('',(83.000000000001,-8.457560751663E-15,
    1.309816751975));
#1614 = B_SPLINE_CURVE_WITH_KNOTS('',4,(#1615,#1616,#1617,#1618,#1619),
  .UNSPECIFIED.,.F.,.F.,(5,5),(0.,1.),.PIECEWISE_BEZIER_KNOTS.);
#1615 = CARTESIAN_POINT('',(82.370903394363,-1.838155895074,
    -0.107758557119));
#1616 = CARTESIAN_POINT('',(82.587682131967,-1.558548792006,
    0.377521143933));
#1617 = CARTESIAN_POINT('',(82.754557641518,-1.254559425847,
    0.753070730078));
#1618 = CARTESIAN_POINT('',(83.,-0.750503687913,1.30981675197));
#1619 = CARTESIAN_POINT('',(83.,6.572520305781E-14,1.30981675197));
#1620 = ORIENTED_EDGE('',*,*,#1621,.F.);
#1621 = EDGE_CURVE('',#409,#1612,#1622,.T.);
#1622 = LINE('',#1623,#1624);
#1623 = CARTESIAN_POINT('',(83.,-7.347880794884E-16,-20.));
#1624 = VECTOR('',#1625,1.);
#1625 = DIRECTION('',(0.,0.,1.));
#1626 = ORIENTED_EDGE('',*,*,#417,.T.);
#1627 = ORIENTED_EDGE('',*,*,#1628,.F.);
#1628 = EDGE_CURVE('',#1629,#418,#1631,.T.);
#1629 = VERTEX_POINT('',#1630);
#1630 = CARTESIAN_POINT('',(77.,-1.50876485655E-14,-15.70658284569));
#1631 = B_SPLINE_CURVE_WITH_KNOTS('',7,(#1632,#1633,#1634,#1635,#1636,
    #1637,#1638,#1639,#1640,#1641,#1642,#1643,#1644,#1645,#1646,#1647,
    #1648,#1649,#1650,#1651,#1652,#1653,#1654,#1655,#1656,#1657),
  .UNSPECIFIED.,.F.,.F.,(8,6,6,6,8),(0.,0.259305266658,0.465576068361,
    0.732940123337,1.),.UNSPECIFIED.);
#1632 = CARTESIAN_POINT('',(77.,5.817568649036E-14,-15.70658284569));
#1633 = CARTESIAN_POINT('',(77.,-0.359396566199,-15.70658284569));
#1634 = CARTESIAN_POINT('',(77.050406121056,-0.68548568679,
    -15.60978974955));
#1635 = CARTESIAN_POINT('',(77.133445926794,-0.965146336167,
    -15.45029206548));
#1636 = CARTESIAN_POINT('',(77.23163940995,-1.201106179055,
    -15.26134311412));
#1637 = CARTESIAN_POINT('',(77.334219227055,-1.401355414423,
    -15.06354096452));
#1638 = CARTESIAN_POINT('',(77.439209733899,-1.574774553338,
    -14.8608161468));
#1639 = CARTESIAN_POINT('',(77.64022227141,-1.85882149685,
    -14.47193604885));
#1640 = CARTESIAN_POINT('',(77.731470653633,-1.971763586696,
    -14.29516418334));
#1641 = CARTESIAN_POINT('',(77.824222147238,-2.074277979367,
    -14.11521894009));
#1642 = CARTESIAN_POINT('',(77.918056870763,-2.167659594369,
    -13.93289920279));
#1643 = CARTESIAN_POINT('',(78.012672876069,-2.253014502126,
    -13.7487804777));
#1644 = CARTESIAN_POINT('',(78.107901443734,-2.331150604399,
    -13.56318284034));
#1645 = CARTESIAN_POINT('',(78.327820699425,-2.495564406723,
    -13.13389319913));
#1646 = CARTESIAN_POINT('',(78.452780625877,-2.577320445585,
    -12.88947728319));
#1647 = CARTESIAN_POINT('',(78.578290635054,-2.649435906085,
    -12.64348063064));
#1648 = CARTESIAN_POINT('',(78.704160747158,-2.712787687457,
    -12.3962628814));
#1649 = CARTESIAN_POINT('',(78.83024875011,-2.768064332759,
    -12.14809375428));
#1650 = CARTESIAN_POINT('',(78.956458952482,-2.81577917231,
    -11.8991540345));
#1651 = CARTESIAN_POINT('',(79.20886882332,-2.896836502889,
    -11.40022300558));
#1652 = CARTESIAN_POINT('',(79.335047855137,-2.930188614645,
    -11.15027370855));
#1653 = CARTESIAN_POINT('',(79.461198859801,-2.95678011715,
    -10.89983801517));
#1654 = CARTESIAN_POINT('',(79.587258114097,-2.976881448922,
    -10.649036791));
#1655 = CARTESIAN_POINT('',(79.713170551451,-2.990680070745,
    -10.3979751817));
#1656 = CARTESIAN_POINT('',(79.838888873529,-2.998298147212,
    -10.14674407209));
#1657 = CARTESIAN_POINT('',(79.964373349239,-2.9997884495,
    -9.895420215264));
#1658 = ORIENTED_EDGE('',*,*,#1659,.F.);
#1659 = EDGE_CURVE('',#407,#1629,#1660,.T.);
#1660 = B_SPLINE_CURVE_WITH_KNOTS('',8,(#1661,#1662,#1663,#1664,#1665,
    #1666,#1667,#1668,#1669,#1670,#1671,#1672,#1673,#1674,#1675,#1676,
    #1677,#1678,#1679,#1680,#1681,#1682,#1683,#1684,#1685,#1686,#1687,
    #1688,#1689,#1690),.UNSPECIFIED.,.F.,.F.,(9,7,7,7,9),(0.,
    0.443796457873,0.694259777772,0.828282136598,1.),.UNSPECIFIED.);
#1661 = CARTESIAN_POINT('',(79.964373349239,2.9997884495,-9.895420215264
    ));
#1662 = CARTESIAN_POINT('',(79.782389073143,2.997627133675,
    -10.2599034702));
#1663 = CARTESIAN_POINT('',(79.599966109211,2.98284119124,
    -10.62410929855));
#1664 = CARTESIAN_POINT('',(79.417172075756,2.95529066609,
    -10.98791125464));
#1665 = CARTESIAN_POINT('',(79.234126547577,2.914554005352,
    -11.35108108137));
#1666 = CARTESIAN_POINT('',(79.05100066628,2.859978023698,
    -11.71329200048));
#1667 = CARTESIAN_POINT('',(78.868028471357,2.790530225434,
    -12.07409923422));
#1668 = CARTESIAN_POINT('',(78.68550589336,2.704817174915,
    -12.43294421169));
#1669 = CARTESIAN_POINT('',(78.401307070214,2.541293608753,
    -12.99005661418));
#1670 = CARTESIAN_POINT('',(78.299111065348,2.476341604671,
    -13.19005685623));
#1671 = CARTESIAN_POINT('',(78.197282924059,2.404964789313,
    -13.3890089759));
#1672 = CARTESIAN_POINT('',(78.095918442748,2.326587548339,
    -13.58673240941));
#1673 = CARTESIAN_POINT('',(77.995173227505,2.240526484162,
    -13.78293137895));
#1674 = CARTESIAN_POINT('',(77.895280482014,2.145871140282,
    -13.9771621435));
#1675 = CARTESIAN_POINT('',(77.796548916152,2.041493776745,
    -14.16883840354));
#1676 = CARTESIAN_POINT('',(77.647473343073,1.863376886392,
    -14.45782208394));
#1677 = CARTESIAN_POINT('',(77.596020251754,1.797961310032,
    -14.55748327088));
#1678 = CARTESIAN_POINT('',(77.545111441265,1.728973490104,
    -14.65601033892));
#1679 = CARTESIAN_POINT('',(77.494837457724,1.656080817624,
    -14.75323120088));
#1680 = CARTESIAN_POINT('',(77.445346141223,1.578861958896,
    -14.84886430388));
#1681 = CARTESIAN_POINT('',(77.396842625825,1.496806855511,
    -14.94251862939));
#1682 = CARTESIAN_POINT('',(77.349589339562,1.409316724348,
    -15.03369369316));
#1683 = CARTESIAN_POINT('',(77.245373646342,1.195761629555,
    -15.23464067125));
#1684 = CARTESIAN_POINT('',(77.189047992993,1.066839087981,
    -15.3431400989));
#1685 = CARTESIAN_POINT('',(77.136100064226,0.924709505261,
    -15.44504213688));
#1686 = CARTESIAN_POINT('',(77.088229280113,0.767031475107,
    -15.53710024472));
#1687 = CARTESIAN_POINT('',(77.047663460965,0.593349112534,
    -15.6150570328));
#1688 = CARTESIAN_POINT('',(77.017158827331,0.405092053861,
    -15.6736442624));
#1689 = CARTESIAN_POINT('',(77.,0.205575456709,-15.70658284569));
#1690 = CARTESIAN_POINT('',(77.,1.661273517292E-14,-15.70658284569));
#1691 = ORIENTED_EDGE('',*,*,#406,.T.);
#1692 = ORIENTED_EDGE('',*,*,#1621,.T.);
#1693 = ORIENTED_EDGE('',*,*,#1694,.F.);
#1694 = EDGE_CURVE('',#1695,#1612,#1697,.T.);
#1695 = VERTEX_POINT('',#1696);
#1696 = CARTESIAN_POINT('',(82.41901625882,1.774361952806,0.));
#1697 = B_SPLINE_CURVE_WITH_KNOTS('',4,(#1698,#1699,#1700,#1701,#1702),
  .UNSPECIFIED.,.F.,.F.,(5,5),(0.,1.),.PIECEWISE_BEZIER_KNOTS.);
#1698 = CARTESIAN_POINT('',(82.370903394363,1.838155895074,
    -0.107758557119));
#1699 = CARTESIAN_POINT('',(82.587682131967,1.558548792006,
    0.377521143933));
#1700 = CARTESIAN_POINT('',(82.754557641518,1.254559425847,
    0.753070730078));
#1701 = CARTESIAN_POINT('',(83.,0.750503687913,1.30981675197));
#1702 = CARTESIAN_POINT('',(83.,8.219795339925E-15,1.30981675197));
#1703 = ORIENTED_EDGE('',*,*,#1704,.F.);
#1704 = EDGE_CURVE('',#1610,#1695,#1705,.T.);
#1705 = CIRCLE('',#1706,3.);
#1706 = AXIS2_PLACEMENT_3D('',#1707,#1708,#1709);
#1707 = CARTESIAN_POINT('',(80.,0.,0.));
#1708 = DIRECTION('',(0.,0.,-1.));
#1709 = DIRECTION('',(1.,0.,0.));
#1710 = FACE_BOUND('',#1711,.T.);
#1711 = EDGE_LOOP('',(#1712,#1727,#1736));
#1712 = ORIENTED_EDGE('',*,*,#1713,.T.);
#1713 = EDGE_CURVE('',#1714,#1716,#1718,.T.);
#1714 = VERTEX_POINT('',#1715);
#1715 = CARTESIAN_POINT('',(77.,-1.501067076669E-14,-11.55125697149));
#1716 = VERTEX_POINT('',#1717);
#1717 = CARTESIAN_POINT('',(77.757418177174,-1.992693345181,-10.));
#1718 = B_SPLINE_CURVE_WITH_KNOTS('',4,(#1719,#1720,#1721,#1722,#1723,
    #1724,#1725,#1726),.UNSPECIFIED.,.F.,.F.,(5,3,5),(0.,0.610264216491,
    1.),.UNSPECIFIED.);
#1719 = CARTESIAN_POINT('',(77.,5.817568649036E-14,-11.55125697149));
#1720 = CARTESIAN_POINT('',(77.,-0.519723102186,-11.55125697149));
#1721 = CARTESIAN_POINT('',(77.125039611439,-0.957688736225,
    -11.29676784665));
#1722 = CARTESIAN_POINT('',(77.260532460403,-1.257826540532,
    -11.02005775697));
#1723 = CARTESIAN_POINT('',(77.503909808893,-1.674795381099,
    -10.52137852121));
#1724 = CARTESIAN_POINT('',(77.603208925169,-1.8139427107,-10.3175324118
    ));
#1725 = CARTESIAN_POINT('',(77.704409142544,-1.937245957176,
    -10.10933435765));
#1726 = CARTESIAN_POINT('',(77.807134665632,-2.047276636248,
    -9.897534690797));
#1727 = ORIENTED_EDGE('',*,*,#1728,.T.);
#1728 = EDGE_CURVE('',#1716,#1729,#1731,.T.);
#1729 = VERTEX_POINT('',#1730);
#1730 = CARTESIAN_POINT('',(77.757418177175,1.992693345183,-10.));
#1731 = CIRCLE('',#1732,3.);
#1732 = AXIS2_PLACEMENT_3D('',#1733,#1734,#1735);
#1733 = CARTESIAN_POINT('',(80.,0.,-10.));
#1734 = DIRECTION('',(0.,0.,-1.));
#1735 = DIRECTION('',(1.,0.,0.));
#1736 = ORIENTED_EDGE('',*,*,#1737,.T.);
#1737 = EDGE_CURVE('',#1729,#1714,#1738,.T.);
#1738 = B_SPLINE_CURVE_WITH_KNOTS('',5,(#1739,#1740,#1741,#1742,#1743,
    #1744,#1745,#1746,#1747,#1748),.UNSPECIFIED.,.F.,.F.,(6,4,6),(0.,
    0.418552970463,1.),.UNSPECIFIED.);
#1739 = CARTESIAN_POINT('',(77.807134665632,2.047276636248,
    -9.897534690797));
#1740 = CARTESIAN_POINT('',(77.718744765072,1.952601033833,
    -10.07977714554));
#1741 = CARTESIAN_POINT('',(77.631435845595,1.848703991169,
    -10.25947432434));
#1742 = CARTESIAN_POINT('',(77.545349615358,1.734351766628,
    -10.43634492028));
#1743 = CARTESIAN_POINT('',(77.461260966289,1.60692224835,
    -10.60882582078));
#1744 = CARTESIAN_POINT('',(77.268494463856,1.261643862312,
    -11.00362958171));
#1745 = CARTESIAN_POINT('',(77.166495765482,1.03225132147,
    -11.21207559507));
#1746 = CARTESIAN_POINT('',(77.065778597556,0.751824445756,
    -11.41736867988));
#1747 = CARTESIAN_POINT('',(77.,0.39408528753,-11.55125697149));
#1748 = CARTESIAN_POINT('',(77.,8.295360075778E-15,-11.55125697149));
#1749 = CYLINDRICAL_SURFACE('',#1750,3.);
#1750 = AXIS2_PLACEMENT_3D('',#1751,#1752,#1753);
#1751 = CARTESIAN_POINT('',(80.,0.,-20.));
#1752 = DIRECTION('',(-0.,-0.,-1.));
#1753 = DIRECTION('',(1.,0.,0.));
#1754 = ADVANCED_FACE('',(#1755),#1842,.T.);
#1755 = FACE_BOUND('',#1756,.T.);
#1756 = EDGE_LOOP('',(#1757,#1767,#1768,#1769,#1804,#1839,#1840,#1841));
#1757 = ORIENTED_EDGE('',*,*,#1758,.T.);
#1758 = EDGE_CURVE('',#1759,#1629,#1761,.T.);
#1759 = VERTEX_POINT('',#1760);
#1760 = CARTESIAN_POINT('',(6.123233995737E-15,-1.199807826129E-30,-70.)
  );
#1761 = ( BOUNDED_CURVE() B_SPLINE_CURVE(2,(#1762,#1763,#1764,#1765,
#1766),.UNSPECIFIED.,.F.,.F.) B_SPLINE_CURVE_WITH_KNOTS((3,2,3),(
    4.712388980385,6.28318530718,7.853981633974),
.PIECEWISE_BEZIER_KNOTS.) CURVE() GEOMETRIC_REPRESENTATION_ITEM() 
RATIONAL_B_SPLINE_CURVE((1.,0.707106781187,1.,0.707106781187,1.)) 
REPRESENTATION_ITEM('') );
#1762 = CARTESIAN_POINT('',(-1.836970198721E-14,3.599423478388E-30,-70.)
  );
#1763 = CARTESIAN_POINT('',(100.,-1.959434878636E-14,-70.));
#1764 = CARTESIAN_POINT('',(100.,-1.959434878636E-14,80.));
#1765 = CARTESIAN_POINT('',(100.,-1.959434878636E-14,230.));
#1766 = CARTESIAN_POINT('',(3.061616997868E-14,-5.999039130647E-30,230.)
  );
#1767 = ORIENTED_EDGE('',*,*,#1628,.T.);
#1768 = ORIENTED_EDGE('',*,*,#426,.T.);
#1769 = ORIENTED_EDGE('',*,*,#1770,.T.);
#1770 = EDGE_CURVE('',#427,#1771,#1773,.T.);
#1771 = VERTEX_POINT('',#1772);
#1772 = CARTESIAN_POINT('',(-77.,9.06238631369E-15,-15.70658284569));
#1773 = B_SPLINE_CURVE_WITH_KNOTS('',8,(#1774,#1775,#1776,#1777,#1778,
    #1779,#1780,#1781,#1782,#1783,#1784,#1785,#1786,#1787,#1788,#1789,
    #1790,#1791,#1792,#1793,#1794,#1795,#1796,#1797,#1798,#1799,#1800,
    #1801,#1802,#1803),.UNSPECIFIED.,.F.,.F.,(9,7,7,7,9),(0.,
    0.444448455058,0.695883769113,0.830722232832,1.),.UNSPECIFIED.);
#1774 = CARTESIAN_POINT('',(-79.96437334923,-2.9997884495,
    -9.895420215264));
#1775 = CARTESIAN_POINT('',(-79.78214896916,-2.997624282107,
    -10.26038435723));
#1776 = CARTESIAN_POINT('',(-79.59948503693,-2.982802153371,
    -10.62506975124));
#1777 = CARTESIAN_POINT('',(-79.41644917103,-2.955181643828,
    -10.9893499932));
#1778 = CARTESIAN_POINT('',(-79.23316132994,-2.914339049082,
    -11.35299610248));
#1779 = CARTESIAN_POINT('',(-79.04979339065,-2.85961805717,
    -11.71567989615));
#1780 = CARTESIAN_POINT('',(-78.86658062516,-2.789980334469,
    -12.07695425097));
#1781 = CARTESIAN_POINT('',(-78.68382060829,-2.704025159605,
    -12.43625749413));
#1782 = CARTESIAN_POINT('',(-78.39901210774,-2.539871136849,
    -12.99454987886));
#1783 = CARTESIAN_POINT('',(-78.29644296335,-2.474550382923,
    -13.19527369848));
#1784 = CARTESIAN_POINT('',(-78.19424610156,-2.40274773753,
    -13.39493842885));
#1785 = CARTESIAN_POINT('',(-78.09251849252,-2.323878424835,
    -13.59336130511));
#1786 = CARTESIAN_POINT('',(-77.99141832408,-2.237248619698,
    -13.79024162545));
#1787 = CARTESIAN_POINT('',(-77.89118358337,-2.141931502155,
    -13.98512651951));
#1788 = CARTESIAN_POINT('',(-77.79212945311,-2.036780434779,
    -14.17741737829));
#1789 = CARTESIAN_POINT('',(-77.64249130528,-1.857098634956,
    -14.46747299504));
#1790 = CARTESIAN_POINT('',(-77.59078106044,-1.790989307076,
    -14.56762545066));
#1791 = CARTESIAN_POINT('',(-77.53962833414,-1.721242256484,
    -14.66661742256));
#1792 = CARTESIAN_POINT('',(-77.4891263978,-1.647514594826,
    -14.76427164617));
#1793 = CARTESIAN_POINT('',(-77.43942894587,-1.569371338795,
    -14.86029540875));
#1794 = CARTESIAN_POINT('',(-77.39075009589,-1.486285410136,
    -14.9542805494));
#1795 = CARTESIAN_POINT('',(-77.34336438844,-1.39763763564,
    -15.04570345907));
#1796 = CARTESIAN_POINT('',(-77.24016216522,-1.183551965687,
    -15.24467952466));
#1797 = CARTESIAN_POINT('',(-77.18488679339,-1.055235197542,
    -15.35114859112));
#1798 = CARTESIAN_POINT('',(-77.1329729176,-0.914034150877,
    -15.45105559332));
#1799 = CARTESIAN_POINT('',(-77.0861048611,-0.757871754922,
    -15.54118251947));
#1800 = CARTESIAN_POINT('',(-77.04645902449,-0.586326159969,
    -15.61737003258));
#1801 = CARTESIAN_POINT('',(-77.0167038857,-0.400630737373,
    -15.67451747045));
#1802 = CARTESIAN_POINT('',(-77.,-0.203674079556,-15.70658284569));
#1803 = CARTESIAN_POINT('',(-77.,1.376676550535E-14,-15.70658284569));
#1804 = ORIENTED_EDGE('',*,*,#1805,.T.);
#1805 = EDGE_CURVE('',#1771,#614,#1806,.T.);
#1806 = B_SPLINE_CURVE_WITH_KNOTS('',7,(#1807,#1808,#1809,#1810,#1811,
    #1812,#1813,#1814,#1815,#1816,#1817,#1818,#1819,#1820,#1821,#1822,
    #1823,#1824,#1825,#1826,#1827,#1828,#1829,#1830,#1831,#1832,#1833,
    #1834,#1835,#1836,#1837,#1838),.UNSPECIFIED.,.F.,.F.,(8,6,6,6,6,8),(
    0.,0.113455363078,0.287255268387,0.472890041194,0.757760274485,1.),
  .UNSPECIFIED.);
#1807 = CARTESIAN_POINT('',(-77.,1.379845370882E-14,-15.70658284569));
#1808 = CARTESIAN_POINT('',(-77.,0.15398285649,-15.70658284569));
#1809 = CARTESIAN_POINT('',(-77.00952268566,0.306527274381,
    -15.68829941984));
#1810 = CARTESIAN_POINT('',(-77.02747947405,0.45378500794,
    -15.65381255803));
#1811 = CARTESIAN_POINT('',(-77.05261522385,0.593106815567,
    -15.60552134651));
#1812 = CARTESIAN_POINT('',(-77.08350823535,0.723042459797,
    -15.54614396793));
#1813 = CARTESIAN_POINT('',(-77.11857025045,0.843340707301,
    -15.47871770132));
#1814 = CARTESIAN_POINT('',(-77.21345546555,1.125920249395,
    -15.29612166773));
#1815 = CARTESIAN_POINT('',(-77.27763368644,1.278172427444,
    -15.17251527909));
#1816 = CARTESIAN_POINT('',(-77.34630859614,1.415037210926,
    -15.04011994579));
#1817 = CARTESIAN_POINT('',(-77.41782519141,1.539263242327,
    -14.90209496589));
#1818 = CARTESIAN_POINT('',(-77.49114598502,1.653016458717,
    -14.76041874588));
#1819 = CARTESIAN_POINT('',(-77.56585100576,1.75788009175,
    -14.61588880072));
#1820 = CARTESIAN_POINT('',(-77.72361932387,1.958432706661,
    -14.31029254134));
#1821 = CARTESIAN_POINT('',(-77.80648628411,2.052851076655,
    -14.1495758806));
#1822 = CARTESIAN_POINT('',(-77.89036645525,2.139511505619,
    -13.98667889865));
#1823 = CARTESIAN_POINT('',(-77.97500509591,2.219303374837,
    -13.82208605645));
#1824 = CARTESIAN_POINT('',(-78.06022363332,2.292894930825,
    -13.65613717712));
#1825 = CARTESIAN_POINT('',(-78.14590105768,2.360861958294,
    -13.48906186862));
#1826 = CARTESIAN_POINT('',(-78.36406947192,2.52001279595,
    -13.06302150939));
#1827 = CARTESIAN_POINT('',(-78.49702863169,2.604136669602,
    -12.80282244408));
#1828 = CARTESIAN_POINT('',(-78.63055533357,2.677647294404,
    -12.54093973652));
#1829 = CARTESIAN_POINT('',(-78.76443803085,2.741521319995,
    -12.27777377986));
#1830 = CARTESIAN_POINT('',(-78.89851908701,2.796522608386,
    -12.01362361351));
#1831 = CARTESIAN_POINT('',(-79.03269406516,2.843208865694,
    -11.74868656907));
#1832 = CARTESIAN_POINT('',(-79.28102958688,2.914994774927,
    -11.25720508473));
#1833 = CARTESIAN_POINT('',(-79.39516340646,2.942274213202,
    -11.03088217151));
#1834 = CARTESIAN_POINT('',(-79.50925473571,2.964101128287,
    -10.80419830044));
#1835 = CARTESIAN_POINT('',(-79.62325873985,2.98065885259,
    -10.57723860024));
#1836 = CARTESIAN_POINT('',(-79.73713573905,2.992076815635,
    -10.3500789019));
#1837 = CARTESIAN_POINT('',(-79.8508507554,2.998440211159,
    -10.12278647677));
#1838 = CARTESIAN_POINT('',(-79.96437334923,2.9997884495,-9.895420215264
    ));
#1839 = ORIENTED_EDGE('',*,*,#622,.T.);
#1840 = ORIENTED_EDGE('',*,*,#1659,.T.);
#1841 = ORIENTED_EDGE('',*,*,#1758,.F.);
#1842 = ( BOUNDED_SURFACE() B_SPLINE_SURFACE(2,2,(
    (#1843,#1844,#1845,#1846,#1847)
    ,(#1848,#1849,#1850,#1851,#1852)
    ,(#1853,#1854,#1855,#1856,#1857)
    ,(#1858,#1859,#1860,#1861,#1862)
    ,(#1863,#1864,#1865,#1866,#1867)
    ,(#1868,#1869,#1870,#1871,#1872)
    ,(#1873,#1874,#1875,#1876,#1877
)),.UNSPECIFIED.,.T.,.F.,.F.) B_SPLINE_SURFACE_WITH_KNOTS((1,2,2,2,2,1),
  (3,2,3),(-2.094395102393,0.,2.094395102393,4.188790204786,
    6.28318530718,8.377580409573),(-1.570796326795,0.,1.570796326795),
.UNSPECIFIED.) GEOMETRIC_REPRESENTATION_ITEM() RATIONAL_B_SPLINE_SURFACE
((
    (1.,0.707106781187,1.,0.707106781187,1.)
    ,(0.5,0.353553390593,0.5,0.353553390593,0.5)
    ,(1.,0.707106781187,1.,0.707106781187,1.)
    ,(0.5,0.353553390593,0.5,0.353553390593,0.5)
    ,(1.,0.707106781187,1.,0.707106781187,1.)
    ,(0.5,0.353553390593,0.5,0.353553390593,0.5)
,(1.,0.707106781187,1.,0.707106781187,1.
))) REPRESENTATION_ITEM('') SURFACE() );
#1843 = CARTESIAN_POINT('',(6.123233995737E-15,0.,-70.));
#1844 = CARTESIAN_POINT('',(100.,0.,-70.));
#1845 = CARTESIAN_POINT('',(100.,0.,80.));
#1846 = CARTESIAN_POINT('',(100.,0.,230.));
#1847 = CARTESIAN_POINT('',(6.123233995737E-15,0.,230.));
#1848 = CARTESIAN_POINT('',(6.123233995737E-15,8.484601909799E-15,-70.)
  );
#1849 = CARTESIAN_POINT('',(100.,138.56406460551,-70.));
#1850 = CARTESIAN_POINT('',(100.,138.56406460551,80.));
#1851 = CARTESIAN_POINT('',(100.,138.56406460551,230.));
#1852 = CARTESIAN_POINT('',(6.123233995737E-15,8.484601909799E-15,230.)
  );
#1853 = CARTESIAN_POINT('',(-3.061616997868E-15,4.2423009549E-15,-70.));
#1854 = CARTESIAN_POINT('',(-50.,69.282032302755,-70.));
#1855 = CARTESIAN_POINT('',(-50.,69.282032302755,80.));
#1856 = CARTESIAN_POINT('',(-50.,69.282032302755,230.));
#1857 = CARTESIAN_POINT('',(-3.061616997868E-15,4.2423009549E-15,230.));
#1858 = CARTESIAN_POINT('',(-1.224646799147E-14,1.199807826129E-30,-70.)
  );
#1859 = CARTESIAN_POINT('',(-200.,1.959434878636E-14,-70.));
#1860 = CARTESIAN_POINT('',(-200.,1.959434878636E-14,80.));
#1861 = CARTESIAN_POINT('',(-200.,1.959434878636E-14,230.));
#1862 = CARTESIAN_POINT('',(-1.224646799147E-14,1.199807826129E-30,230.)
  );
#1863 = CARTESIAN_POINT('',(-3.061616997868E-15,-4.2423009549E-15,-70.)
  );
#1864 = CARTESIAN_POINT('',(-50.,-69.28203230275,-70.));
#1865 = CARTESIAN_POINT('',(-50.,-69.28203230275,80.));
#1866 = CARTESIAN_POINT('',(-50.,-69.28203230275,230.));
#1867 = CARTESIAN_POINT('',(-3.061616997868E-15,-4.2423009549E-15,230.)
  );
#1868 = CARTESIAN_POINT('',(6.123233995737E-15,-8.484601909799E-15,-70.)
  );
#1869 = CARTESIAN_POINT('',(100.,-138.5640646055,-70.));
#1870 = CARTESIAN_POINT('',(100.,-138.5640646055,80.));
#1871 = CARTESIAN_POINT('',(100.,-138.5640646055,230.));
#1872 = CARTESIAN_POINT('',(6.123233995737E-15,-8.484601909799E-15,230.)
  );
#1873 = CARTESIAN_POINT('',(6.123233995737E-15,0.,-70.));
#1874 = CARTESIAN_POINT('',(100.,0.,-70.));
#1875 = CARTESIAN_POINT('',(100.,0.,80.));
#1876 = CARTESIAN_POINT('',(100.,0.,230.));
#1877 = CARTESIAN_POINT('',(6.123233995737E-15,0.,230.));
#1878 = ADVANCED_FACE('',(#1879),#1977,.F.);
#1879 = FACE_BOUND('',#1880,.T.);
#1880 = EDGE_LOOP('',(#1881,#1882,#1890,#1905,#1914,#1922,#1931,#1944,
    #1951,#1952,#1961,#1974,#1975,#1976));
#1881 = ORIENTED_EDGE('',*,*,#1805,.F.);
#1882 = ORIENTED_EDGE('',*,*,#1883,.T.);
#1883 = EDGE_CURVE('',#1771,#1884,#1886,.T.);
#1884 = VERTEX_POINT('',#1885);
#1885 = CARTESIAN_POINT('',(-77.,9.06238631369E-15,-11.55125697149));
#1886 = LINE('',#1887,#1888);
#1887 = CARTESIAN_POINT('',(-77.,9.06238631369E-15,-20.));
#1888 = VECTOR('',#1889,1.);
#1889 = DIRECTION('',(0.,0.,1.));
#1890 = ORIENTED_EDGE('',*,*,#1891,.T.);
#1891 = EDGE_CURVE('',#1884,#1892,#1894,.T.);
#1892 = VERTEX_POINT('',#1893);
#1893 = CARTESIAN_POINT('',(-77.75741826004,1.992693438448,-10.));
#1894 = B_SPLINE_CURVE_WITH_KNOTS('',5,(#1895,#1896,#1897,#1898,#1899,
    #1900,#1901,#1902,#1903,#1904),.UNSPECIFIED.,.F.,.F.,(6,4,6),(0.,
    0.509722135205,1.),.UNSPECIFIED.);
#1895 = CARTESIAN_POINT('',(-77.,1.366693210251E-14,-11.55125697149));
#1896 = CARTESIAN_POINT('',(-77.,0.343278023958,-11.55125697149));
#1897 = CARTESIAN_POINT('',(-77.05187548699,0.662811272078,
    -11.44567583441));
#1898 = CARTESIAN_POINT('',(-77.13031857951,0.930931895588,
    -11.28580018487));
#1899 = CARTESIAN_POINT('',(-77.21977388522,1.146933514043,
    -11.1031468258));
#1900 = CARTESIAN_POINT('',(-77.40549196413,1.519955770964,
    -10.72316708011));
#1901 = CARTESIAN_POINT('',(-77.50252195971,1.675979507006,
    -10.52431646566));
#1902 = CARTESIAN_POINT('',(-77.60236919819,1.81408824312,
    -10.31928664628));
#1903 = CARTESIAN_POINT('',(-77.70400229369,1.936810388764,
    -10.11017320596));
#1904 = CARTESIAN_POINT('',(-77.80713663309,2.047278743622,
    -9.897530634277));
#1905 = ORIENTED_EDGE('',*,*,#1906,.T.);
#1906 = EDGE_CURVE('',#1892,#1907,#1909,.T.);
#1907 = VERTEX_POINT('',#1908);
#1908 = CARTESIAN_POINT('',(-77.,9.06238631369E-15,-10.));
#1909 = CIRCLE('',#1910,3.);
#1910 = AXIS2_PLACEMENT_3D('',#1911,#1912,#1913);
#1911 = CARTESIAN_POINT('',(-80.,9.797174393179E-15,-10.));
#1912 = DIRECTION('',(0.,0.,-1.));
#1913 = DIRECTION('',(1.,0.,0.));
#1914 = ORIENTED_EDGE('',*,*,#1915,.T.);
#1915 = EDGE_CURVE('',#1907,#1916,#1918,.T.);
#1916 = VERTEX_POINT('',#1917);
#1917 = CARTESIAN_POINT('',(-77.,9.06238631369E-15,0.));
#1918 = LINE('',#1919,#1920);
#1919 = CARTESIAN_POINT('',(-77.,9.06238631369E-15,-20.));
#1920 = VECTOR('',#1921,1.);
#1921 = DIRECTION('',(0.,0.,1.));
#1922 = ORIENTED_EDGE('',*,*,#1923,.F.);
#1923 = EDGE_CURVE('',#1924,#1916,#1926,.T.);
#1924 = VERTEX_POINT('',#1925);
#1925 = CARTESIAN_POINT('',(-82.41901637045,1.774361800617,0.));
#1926 = CIRCLE('',#1927,3.);
#1927 = AXIS2_PLACEMENT_3D('',#1928,#1929,#1930);
#1928 = CARTESIAN_POINT('',(-80.,9.797174393179E-15,0.));
#1929 = DIRECTION('',(0.,0.,-1.));
#1930 = DIRECTION('',(1.,0.,0.));
#1931 = ORIENTED_EDGE('',*,*,#1932,.T.);
#1932 = EDGE_CURVE('',#1924,#1933,#1935,.T.);
#1933 = VERTEX_POINT('',#1934);
#1934 = CARTESIAN_POINT('',(-82.41901637045,-1.774361800617,0.));
#1935 = B_SPLINE_CURVE_WITH_KNOTS('',4,(#1936,#1937,#1938,#1939,#1940,
    #1941,#1942,#1943),.UNSPECIFIED.,.F.,.F.,(5,3,5),(0.,0.513984195247,
    1.),.UNSPECIFIED.);
#1936 = CARTESIAN_POINT('',(-82.37090339436,1.838155895074,
    -0.107758557119));
#1937 = CARTESIAN_POINT('',(-82.59179542295,1.553243357587,
    0.386729134718));
#1938 = CARTESIAN_POINT('',(-82.76212155007,1.247215144416,
    0.770102750812));
#1939 = CARTESIAN_POINT('',(-83.01378495145,0.711671419716,
    1.341085804889));
#1940 = CARTESIAN_POINT('',(-82.98595167556,-0.781710954989,
    1.277950264442));
#1941 = CARTESIAN_POINT('',(-82.74823940659,-1.264245051842,
    0.738832193138));
#1942 = CARTESIAN_POINT('',(-82.58341360207,-1.564054457781,
    0.367965636178));
#1943 = CARTESIAN_POINT('',(-82.37090339436,-1.838155895074,
    -0.107758557119));
#1944 = ORIENTED_EDGE('',*,*,#1945,.F.);
#1945 = EDGE_CURVE('',#1916,#1933,#1946,.T.);
#1946 = CIRCLE('',#1947,3.);
#1947 = AXIS2_PLACEMENT_3D('',#1948,#1949,#1950);
#1948 = CARTESIAN_POINT('',(-80.,9.797174393179E-15,0.));
#1949 = DIRECTION('',(0.,0.,-1.));
#1950 = DIRECTION('',(1.,0.,0.));
#1951 = ORIENTED_EDGE('',*,*,#1915,.F.);
#1952 = ORIENTED_EDGE('',*,*,#1953,.T.);
#1953 = EDGE_CURVE('',#1907,#1954,#1956,.T.);
#1954 = VERTEX_POINT('',#1955);
#1955 = CARTESIAN_POINT('',(-77.75741826004,-1.992693438448,-10.));
#1956 = CIRCLE('',#1957,3.);
#1957 = AXIS2_PLACEMENT_3D('',#1958,#1959,#1960);
#1958 = CARTESIAN_POINT('',(-80.,9.797174393179E-15,-10.));
#1959 = DIRECTION('',(0.,0.,-1.));
#1960 = DIRECTION('',(1.,0.,0.));
#1961 = ORIENTED_EDGE('',*,*,#1962,.T.);
#1962 = EDGE_CURVE('',#1954,#1884,#1963,.T.);
#1963 = B_SPLINE_CURVE_WITH_KNOTS('',5,(#1964,#1965,#1966,#1967,#1968,
    #1969,#1970,#1971,#1972,#1973),.UNSPECIFIED.,.F.,.F.,(6,4,6),(0.,
    0.420840713502,1.),.UNSPECIFIED.);
#1964 = CARTESIAN_POINT('',(-77.80713663309,-2.047278743622,
    -9.897530634277));
#1965 = CARTESIAN_POINT('',(-77.71836202421,-1.952191258181,
    -10.08056628702));
#1966 = CARTESIAN_POINT('',(-77.63067927277,-1.847801151429,
    -10.26103151388));
#1967 = CARTESIAN_POINT('',(-77.54422875806,-1.732861542989,
    -10.43864779799));
#1968 = CARTESIAN_POINT('',(-77.45979863,-1.604708352286,-10.61182526922
    ));
#1969 = CARTESIAN_POINT('',(-77.26738896466,-1.259095275726,
    -11.00588751085));
#1970 = CARTESIAN_POINT('',(-77.16522499357,-1.029510051233,
    -11.21466830505));
#1971 = CARTESIAN_POINT('',(-77.06588988353,-0.749099341431,
    -11.41713939999));
#1972 = CARTESIAN_POINT('',(-77.,-0.395278286368,-11.55125697149));
#1973 = CARTESIAN_POINT('',(-77.,1.376676550535E-14,-11.55125697149));
#1974 = ORIENTED_EDGE('',*,*,#1883,.F.);
#1975 = ORIENTED_EDGE('',*,*,#1770,.F.);
#1976 = ORIENTED_EDGE('',*,*,#613,.T.);
#1977 = CYLINDRICAL_SURFACE('',#1978,3.);
#1978 = AXIS2_PLACEMENT_3D('',#1979,#1980,#1981);
#1979 = CARTESIAN_POINT('',(-80.,9.797174393179E-15,-20.));
#1980 = DIRECTION('',(-0.,-0.,-1.));
#1981 = DIRECTION('',(1.,0.,0.));
#1982 = ADVANCED_FACE('',(#1983),#2167,.F.);
#1983 = FACE_BOUND('',#1984,.T.);
#1984 = EDGE_LOOP('',(#1985,#1986,#1994,#2025,#2109,#2118,#2165,#2166));
#1985 = ORIENTED_EDGE('',*,*,#897,.F.);
#1986 = ORIENTED_EDGE('',*,*,#1987,.T.);
#1987 = EDGE_CURVE('',#898,#1988,#1990,.T.);
#1988 = VERTEX_POINT('',#1989);
#1989 = CARTESIAN_POINT('',(-37.,-69.28203230275,41.264525760674));
#1990 = LINE('',#1991,#1992);
#1991 = CARTESIAN_POINT('',(-37.,-69.28203230275,-20.));
#1992 = VECTOR('',#1993,1.);
#1993 = DIRECTION('',(0.,0.,1.));
#1994 = ORIENTED_EDGE('',*,*,#1995,.T.);
#1995 = EDGE_CURVE('',#1988,#1996,#1998,.T.);
#1996 = VERTEX_POINT('',#1997);
#1997 = CARTESIAN_POINT('',(-38.95308746764,-66.47063155764,
    29.639623929157));
#1998 = B_SPLINE_CURVE_WITH_KNOTS('',7,(#1999,#2000,#2001,#2002,#2003,
    #2004,#2005,#2006,#2007,#2008,#2009,#2010,#2011,#2012,#2013,#2014,
    #2015,#2016,#2017,#2018,#2019,#2020,#2021,#2022,#2023,#2024),
  .UNSPECIFIED.,.F.,.F.,(8,6,6,6,8),(0.,0.277314550955,0.568811102057,
    0.788340729246,1.),.UNSPECIFIED.);
#1999 = CARTESIAN_POINT('',(-37.,-69.28203230275,41.264525760674));
#2000 = CARTESIAN_POINT('',(-37.,-69.20520805654,40.769823067832));
#2001 = CARTESIAN_POINT('',(-37.00229534495,-69.12639025267,
    40.275294539116));
#2002 = CARTESIAN_POINT('',(-37.00709971793,-69.04550126326,
    39.780956111078));
#2003 = CARTESIAN_POINT('',(-37.01466249445,-68.96245142392,
    39.286831182696));
#2004 = CARTESIAN_POINT('',(-37.02527406078,-68.87713722916,
    38.792950830612));
#2005 = CARTESIAN_POINT('',(-37.03928863629,-68.78943320031,
    38.299354917504));
#2006 = CARTESIAN_POINT('',(-37.07595474876,-68.60430592759,
    37.287607672705));
#2007 = CARTESIAN_POINT('',(-37.09901732675,-68.50658269547,
    36.769313982438));
#2008 = CARTESIAN_POINT('',(-37.12689673503,-68.40580816381,
    36.251239588943));
#2009 = CARTESIAN_POINT('',(-37.16025245758,-68.30174243647,
    35.733425551566));
#2010 = CARTESIAN_POINT('',(-37.19999487944,-68.19405770167,
    35.215940977338));
#2011 = CARTESIAN_POINT('',(-37.24726477976,-68.08234524526,
    34.698879209905));
#2012 = CARTESIAN_POINT('',(-37.34695571374,-67.87815027901,
    33.793467591854));
#2013 = CARTESIAN_POINT('',(-37.39505536799,-67.7878764618,
    33.405317311286));
#2014 = CARTESIAN_POINT('',(-37.44970958723,-67.69457968907,
    33.017983395922));
#2015 = CARTESIAN_POINT('',(-37.5117241868,-67.5979801873,
    32.631567692763));
#2016 = CARTESIAN_POINT('',(-37.58247402961,-67.49763818656,
    32.246431676052));
#2017 = CARTESIAN_POINT('',(-37.66494698603,-67.39260528634,
    31.86336883247));
#2018 = CARTESIAN_POINT('',(-37.86104940523,-67.17354479924,
    31.117794004897));
#2019 = CARTESIAN_POINT('',(-38.01271578279,-67.01657649532,
    30.607522896458));
#2020 = CARTESIAN_POINT('',(-38.20777730974,-66.84579945198,
    30.120192108787));
#2021 = CARTESIAN_POINT('',(-38.43236007538,-66.69294357802,
    29.78093714673));
#2022 = CARTESIAN_POINT('',(-38.67681609232,-66.57267043612,
    29.637287425787));
#2023 = CARTESIAN_POINT('',(-38.90019358762,-66.49032823944,
    29.639911957861));
#2024 = CARTESIAN_POINT('',(-38.95308746764,-66.47063155764,
    29.639623929157));
#2025 = ORIENTED_EDGE('',*,*,#2026,.T.);
#2026 = EDGE_CURVE('',#1996,#2027,#2029,.T.);
#2027 = VERTEX_POINT('',#2028);
#2028 = CARTESIAN_POINT('',(-42.93165744282,-69.91873053419,90.));
#2029 = B_SPLINE_CURVE_WITH_KNOTS('',8,(#2030,#2031,#2032,#2033,#2034,
    #2035,#2036,#2037,#2038,#2039,#2040,#2041,#2042,#2043,#2044,#2045,
    #2046,#2047,#2048,#2049,#2050,#2051,#2052,#2053,#2054,#2055,#2056,
    #2057,#2058,#2059,#2060,#2061,#2062,#2063,#2064,#2065,#2066,#2067,
    #2068,#2069,#2070,#2071,#2072,#2073,#2074,#2075,#2076,#2077,#2078,
    #2079,#2080,#2081,#2082,#2083,#2084,#2085,#2086,#2087,#2088,#2089,
    #2090,#2091,#2092,#2093,#2094,#2095,#2096,#2097,#2098,#2099,#2100,
    #2101,#2102,#2103,#2104,#2105,#2106,#2107,#2108),.UNSPECIFIED.,.F.,
  .F.,(9,7,7,7,7,7,7,7,7,7,7,9),(0.,4.41167772377E-02,9.947931314301E-02
    ,0.159146746039,0.22368987245,0.389230701295,0.560332548819,
    0.836735500221,0.875164873968,0.93651806542,0.969710794941,1.),
  .UNSPECIFIED.);
#2030 = CARTESIAN_POINT('',(-38.95308746764,-66.47063155764,
    29.639623929157));
#2031 = CARTESIAN_POINT('',(-39.0806492033,-66.42312997682,
    29.638929303591));
#2032 = CARTESIAN_POINT('',(-39.12062711057,-66.41396781095,
    29.666502136551));
#2033 = CARTESIAN_POINT('',(-39.28150494937,-66.35801323519,
    29.685710906873));
#2034 = CARTESIAN_POINT('',(-39.53151088972,-66.29177981201,
    29.814768289687));
#2035 = CARTESIAN_POINT('',(-39.79114383998,-66.26189903216,
    30.138851749324));
#2036 = CARTESIAN_POINT('',(-40.02608776967,-66.272116165,30.62008099434
    ));
#2037 = CARTESIAN_POINT('',(-40.24051402715,-66.28880941815,
    31.10535229466));
#2038 = CARTESIAN_POINT('',(-40.53423310308,-66.32539077884,
    31.84197999148));
#2039 = CARTESIAN_POINT('',(-40.67683070666,-66.35354561843,
    32.256118292598));
#2040 = CARTESIAN_POINT('',(-40.80628786405,-66.38623379896,
    32.672613944269));
#2041 = CARTESIAN_POINT('',(-40.92491694414,-66.42243052921,
    33.090694770742));
#2042 = CARTESIAN_POINT('',(-41.03452435962,-66.46135485767,
    33.509838753128));
#2043 = CARTESIAN_POINT('',(-41.13679367923,-66.5023118364,
    33.929717660051));
#2044 = CARTESIAN_POINT('',(-41.23243219983,-66.54503586816,
    34.35033969061));
#2045 = CARTESIAN_POINT('',(-41.41929373542,-66.63679776299,
    35.226111769156));
#2046 = CARTESIAN_POINT('',(-41.5093446225,-66.68596742315,
    35.680349333509));
#2047 = CARTESIAN_POINT('',(-41.59353830214,-66.73633239387,
    36.134568053252));
#2048 = CARTESIAN_POINT('',(-41.67256261908,-66.78764109895,
    36.588793240051));
#2049 = CARTESIAN_POINT('',(-41.74694549398,-66.83970025456,
    37.043044482223));
#2050 = CARTESIAN_POINT('',(-41.81711534141,-66.89235167936,
    37.497331005155));
#2051 = CARTESIAN_POINT('',(-41.88341581191,-66.94546688372,
    37.951650635422));
#2052 = CARTESIAN_POINT('',(-42.01399015029,-67.0567700042,
    38.897448629083));
#2053 = CARTESIAN_POINT('',(-42.07769257107,-67.11504933628,
    39.38919764251));
#2054 = CARTESIAN_POINT('',(-42.13760556402,-67.17363014868,
    39.881195966776));
#2055 = CARTESIAN_POINT('',(-42.19401949688,-67.23239759806,
    40.373412472158));
#2056 = CARTESIAN_POINT('',(-42.24717768184,-67.29125578844,
    40.865821757427));
#2057 = CARTESIAN_POINT('',(-42.29729087006,-67.35012214098,
    41.35840350961));
#2058 = CARTESIAN_POINT('',(-42.34454559649,-67.4089241187,
    41.851142151915));
#2059 = CARTESIAN_POINT('',(-42.50339628632,-67.61808642296,
    43.608181994495));
#2060 = CARTESIAN_POINT('',(-42.59996242715,-67.7677287919,
    44.873258460234));
#2061 = CARTESIAN_POINT('',(-42.68159192558,-67.91545230701,
    46.139074299903));
#2062 = CARTESIAN_POINT('',(-42.75018772067,-68.06052834778,
    47.405490738111));
#2063 = CARTESIAN_POINT('',(-42.80732623088,-68.20236069494,
    48.672404121644));
#2064 = CARTESIAN_POINT('',(-42.8543108281,-68.34046338102,
    49.939745716283));
#2065 = CARTESIAN_POINT('',(-42.89229965234,-68.47441065197,
    51.207479609194));
#2066 = CARTESIAN_POINT('',(-42.95337669425,-68.73758591946,
    53.786325960414));
#2067 = CARTESIAN_POINT('',(-42.97592112659,-68.86650056804,
    55.097430861105));
#2068 = CARTESIAN_POINT('',(-42.99111657447,-68.99014886405,
    56.408886421017));
#2069 = CARTESIAN_POINT('',(-42.99998967796,-69.10815894374,
    57.720665860598));
#2070 = CARTESIAN_POINT('',(-43.00349405533,-69.22018770633,
    59.032747145139));
#2071 = CARTESIAN_POINT('',(-43.00254187521,-69.32590855235,
    60.345113297449));
#2072 = CARTESIAN_POINT('',(-42.9980170913,-69.4250058977,
    61.657752513113));
#2073 = CARTESIAN_POINT('',(-42.97906372374,-69.66607150338,
    65.091564301085));
#2074 = CARTESIAN_POINT('',(-42.96025414062,-69.79688957703,
    67.213156304846));
#2075 = CARTESIAN_POINT('',(-42.93793229576,-69.90834951677,
    69.335388162999));
#2076 = CARTESIAN_POINT('',(-42.91546912968,-69.99924799614,
    71.458190304321));
#2077 = CARTESIAN_POINT('',(-42.89600549278,-70.06846157969,
    73.581469138447));
#2078 = CARTESIAN_POINT('',(-42.88213322166,-70.11506037136,
    75.705103989239));
#2079 = CARTESIAN_POINT('',(-42.87511955661,-70.13858805388,
    77.828935790333));
#2080 = CARTESIAN_POINT('',(-42.87496707128,-70.1390995949,
    80.248051079242));
#2081 = CARTESIAN_POINT('',(-42.87508143868,-70.13871591973,
    80.543335573642));
#2082 = CARTESIAN_POINT('',(-42.87532883613,-70.13788611122,
    80.838619656704));
#2083 = CARTESIAN_POINT('',(-42.87570883609,-70.13661032295,
    81.133902856218));
#2084 = CARTESIAN_POINT('',(-42.87622053894,-70.13488887807,
    81.429184699165));
#2085 = CARTESIAN_POINT('',(-42.87686257826,-70.13272226738,
    81.724464713425));
#2086 = CARTESIAN_POINT('',(-42.87763312623,-70.13011114746,
    82.019742429469));
#2087 = CARTESIAN_POINT('',(-42.8799616126,-70.12217928122,
    82.786429193679));
#2088 = CARTESIAN_POINT('',(-42.88171505023,-70.11617132042,
    83.257833999503));
#2089 = CARTESIAN_POINT('',(-42.88378095703,-70.10903578044,
    83.729229903566));
#2090 = CARTESIAN_POINT('',(-42.88614709264,-70.10077705699,
    84.200615084006));
#2091 = CARTESIAN_POINT('',(-42.88879840745,-70.09140055319,
    84.671987791703));
#2092 = CARTESIAN_POINT('',(-42.89171721915,-70.08091261534,
    85.14334634892));
#2093 = CARTESIAN_POINT('',(-42.89488338911,-70.06932046879,
    85.614689147941));
#2094 = CARTESIAN_POINT('',(-42.90010912536,-70.04976764021,
    86.3410067622));
#2095 = CARTESIAN_POINT('',(-42.90201089809,-70.04257742875,
    86.596174118357));
#2096 = CARTESIAN_POINT('',(-42.90397640774,-70.03506203664,
    86.851515209493));
#2097 = CARTESIAN_POINT('',(-42.90600204695,-70.02722206013,
    87.107028517144));
#2098 = CARTESIAN_POINT('',(-42.90808401026,-70.01905817434,
    87.362712513079));
#2099 = CARTESIAN_POINT('',(-42.91021829418,-70.01057113329,
    87.618565659292));
#2100 = CARTESIAN_POINT('',(-42.91240069715,-70.00176176989,
    87.874586408008));
#2101 = CARTESIAN_POINT('',(-42.91665821252,-69.98429893385,
    88.364550129307));
#2102 = CARTESIAN_POINT('',(-42.91872476605,-69.97570435723,
    88.598321690231));
#2103 = CARTESIAN_POINT('',(-42.9208230852,-69.96684847266,
    88.832087732528));
#2104 = CARTESIAN_POINT('',(-42.92294967394,-69.95773252741,
    89.065848108765));
#2105 = CARTESIAN_POINT('',(-42.92510093516,-69.94835780951,
    89.299602676008));
#2106 = CARTESIAN_POINT('',(-42.92727317064,-69.93872564769,
    89.533351295811));
#2107 = CARTESIAN_POINT('',(-42.9294625811,-69.92883741143,
    89.767093834225));
#2108 = CARTESIAN_POINT('',(-42.93166526613,-69.91869451093,
    90.000830161794));
#2109 = ORIENTED_EDGE('',*,*,#2110,.T.);
#2110 = EDGE_CURVE('',#2027,#2111,#2113,.T.);
#2111 = VERTEX_POINT('',#2112);
#2112 = CARTESIAN_POINT('',(-38.15882798931,-71.65059423504,90.));
#2113 = CIRCLE('',#2114,3.);
#2114 = AXIS2_PLACEMENT_3D('',#2115,#2116,#2117);
#2115 = CARTESIAN_POINT('',(-40.,-69.28203230275,90.));
#2116 = DIRECTION('',(0.,0.,1.));
#2117 = DIRECTION('',(1.,0.,0.));
#2118 = ORIENTED_EDGE('',*,*,#2119,.T.);
#2119 = EDGE_CURVE('',#2111,#1988,#2120,.T.);
#2120 = B_SPLINE_CURVE_WITH_KNOTS('',8,(#2121,#2122,#2123,#2124,#2125,
    #2126,#2127,#2128,#2129,#2130,#2131,#2132,#2133,#2134,#2135,#2136,
    #2137,#2138,#2139,#2140,#2141,#2142,#2143,#2144,#2145,#2146,#2147,
    #2148,#2149,#2150,#2151,#2152,#2153,#2154,#2155,#2156,#2157,#2158,
    #2159,#2160,#2161,#2162,#2163,#2164),.UNSPECIFIED.,.F.,.F.,(9,7,7,7,
    7,7,9),(0.,4.403747211562E-02,0.204360831112,0.283914168855,
    0.555174674312,0.771406818066,1.),.UNSPECIFIED.);
#2121 = CARTESIAN_POINT('',(-38.15879911841,-71.65057179232,
    90.000830161794));
#2122 = CARTESIAN_POINT('',(-38.16814026185,-71.65783320835,
    89.732240386415));
#2123 = CARTESIAN_POINT('',(-38.17725406916,-71.66485032845,
    89.463642549538));
#2124 = CARTESIAN_POINT('',(-38.1861347061,-71.6716252385,
    89.195036841662));
#2125 = CARTESIAN_POINT('',(-38.19477650879,-71.67815996731,
    88.926423461921));
#2126 = CARTESIAN_POINT('',(-38.20317398365,-71.68445648656,
    88.657802618085));
#2127 = CARTESIAN_POINT('',(-38.21132180744,-71.6905167109,
    88.389174526563));
#2128 = CARTESIAN_POINT('',(-38.21921482725,-71.69634249784,
    88.120539412396));
#2129 = CARTESIAN_POINT('',(-38.25463770277,-71.72229813799,
    86.873876514695));
#2130 = CARTESIAN_POINT('',(-38.27898408353,-71.73957718382,
    85.895764799758));
#2131 = CARTESIAN_POINT('',(-38.29964771861,-71.75385879293,
    84.917574686822));
#2132 = CARTESIAN_POINT('',(-38.31642123218,-71.76521731023,
    83.939319569901));
#2133 = CARTESIAN_POINT('',(-38.32914021978,-71.77371159177,
    82.961013984324));
#2134 = CARTESIAN_POINT('',(-38.33769108681,-71.7793822565,
    81.982673663042));
#2135 = CARTESIAN_POINT('',(-38.34201586242,-71.78225001595,
    81.004315579572));
#2136 = CARTESIAN_POINT('',(-38.3421626799,-71.7823473676,
    79.540491522603));
#2137 = CARTESIAN_POINT('',(-38.3411706655,-71.78168958173,
    79.05502494071));
#2138 = CARTESIAN_POINT('',(-38.33913783104,-71.78034176465,
    78.569560324715));
#2139 = CARTESIAN_POINT('',(-38.33606748399,-71.77830273388,
    78.084099819525));
#2140 = CARTESIAN_POINT('',(-38.33196635498,-71.77557008275,
    77.598645401232));
#2141 = CARTESIAN_POINT('',(-38.3268445235,-71.77214020609,
    77.11319912686));
#2142 = CARTESIAN_POINT('',(-38.32071527014,-71.76800835218,
    76.62776293153));
#2143 = CARTESIAN_POINT('',(-38.28931582504,-71.74666644403,
    74.487142204699));
#2144 = CARTESIAN_POINT('',(-38.25351352867,-71.72193464036,
    72.832087674416));
#2145 = CARTESIAN_POINT('',(-38.20683159534,-71.6887429415,
    71.177249105194));
#2146 = CARTESIAN_POINT('',(-38.15032763498,-71.64671235004,
    69.522685924405));
#2147 = CARTESIAN_POINT('',(-38.08536152636,-71.59535413877,
    67.868445032513));
#2148 = CARTESIAN_POINT('',(-38.0134561865,-71.53411869009,
    66.214562920882));
#2149 = CARTESIAN_POINT('',(-37.93620034656,-71.46242910333,
    64.561067105192));
#2150 = CARTESIAN_POINT('',(-37.7907444392,-71.31370750445,
    61.590233852716));
#2151 = CARTESIAN_POINT('',(-37.72388689609,-71.24070983066,
    60.272755435731));
#2152 = CARTESIAN_POINT('',(-37.65553355499,-71.16037260429,
    58.95554718168));
#2153 = CARTESIAN_POINT('',(-37.58655931477,-71.07237398015,
    57.638620646701));
#2154 = CARTESIAN_POINT('',(-37.51786573108,-70.97638087196,
    56.321992674313));
#2155 = CARTESIAN_POINT('',(-37.45039499503,-70.87204371809,
    55.005685309745));
#2156 = CARTESIAN_POINT('',(-37.38516278137,-70.75898421119,
    53.689725531515));
#2157 = CARTESIAN_POINT('',(-37.25792129795,-70.5075816666,
    50.983358119661));
#2158 = CARTESIAN_POINT('',(-37.19631296311,-70.36816775717,
    49.593052330074));
#2159 = CARTESIAN_POINT('',(-37.1398279054,-70.21802808687,
    48.203214381408));
#2160 = CARTESIAN_POINT('',(-37.0899915023,-70.05659043474,
    46.813886443465));
#2161 = CARTESIAN_POINT('',(-37.0485276742,-69.88321292511,
    45.425165023057));
#2162 = CARTESIAN_POINT('',(-37.01764005933,-69.69708287267,
    44.03720704287));
#2163 = CARTESIAN_POINT('',(-37.,-69.49722325855,42.650228199176));
#2164 = CARTESIAN_POINT('',(-37.,-69.28203230275,41.264525760674));
#2165 = ORIENTED_EDGE('',*,*,#1987,.F.);
#2166 = ORIENTED_EDGE('',*,*,#930,.F.);
#2167 = CYLINDRICAL_SURFACE('',#2168,3.);
#2168 = AXIS2_PLACEMENT_3D('',#2169,#2170,#2171);
#2169 = CARTESIAN_POINT('',(-40.,-69.28203230275,-20.));
#2170 = DIRECTION('',(-0.,-0.,-1.));
#2171 = DIRECTION('',(1.,0.,0.));
#2172 = ADVANCED_FACE('',(#2173),#2343,.F.);
#2173 = FACE_BOUND('',#2174,.T.);
#2174 = EDGE_LOOP('',(#2175,#2176,#2184,#2221,#2230,#2300,#2341,#2342));
#2175 = ORIENTED_EDGE('',*,*,#1063,.F.);
#2176 = ORIENTED_EDGE('',*,*,#2177,.T.);
#2177 = EDGE_CURVE('',#1064,#2178,#2180,.T.);
#2178 = VERTEX_POINT('',#2179);
#2179 = CARTESIAN_POINT('',(43.,69.282032302755,59.858175161641));
#2180 = LINE('',#2181,#2182);
#2181 = CARTESIAN_POINT('',(43.,69.282032302755,-20.));
#2182 = VECTOR('',#2183,1.);
#2183 = DIRECTION('',(0.,0.,1.));
#2184 = ORIENTED_EDGE('',*,*,#2185,.T.);
#2185 = EDGE_CURVE('',#2178,#2186,#2188,.T.);
#2186 = VERTEX_POINT('',#2187);
#2187 = CARTESIAN_POINT('',(42.931657442828,69.918730534191,90.));
#2188 = B_SPLINE_CURVE_WITH_KNOTS('',6,(#2189,#2190,#2191,#2192,#2193,
    #2194,#2195,#2196,#2197,#2198,#2199,#2200,#2201,#2202,#2203,#2204,
    #2205,#2206,#2207,#2208,#2209,#2210,#2211,#2212,#2213,#2214,#2215,
    #2216,#2217,#2218,#2219,#2220),.UNSPECIFIED.,.F.,.F.,(7,5,5,5,5,5,7)
  ,(0.,0.331549951658,0.496611084496,0.669181837959,0.829075211661,
    0.915863793651,1.),.UNSPECIFIED.);
#2189 = CARTESIAN_POINT('',(43.,69.282032302755,59.858175161641));
#2190 = CARTESIAN_POINT('',(43.,69.416248677863,61.520291943847));
#2191 = CARTESIAN_POINT('',(42.992794378795,69.539733881805,
    63.182885841812));
#2192 = CARTESIAN_POINT('',(42.980543661711,69.651715608418,
    64.845930970176));
#2193 = CARTESIAN_POINT('',(42.965266604382,69.751474115703,
    66.509395654187));
#2194 = CARTESIAN_POINT('',(42.948928645188,69.838307873069,
    68.173243600696));
#2195 = CARTESIAN_POINT('',(42.925357797774,69.948121892328,
    70.665938964215));
#2196 = CARTESIAN_POINT('',(42.91767254389,69.981270533596,
    71.49453148447));
#2197 = CARTESIAN_POINT('',(42.910341498371,70.010995013473,
    72.323200179655));
#2198 = CARTESIAN_POINT('',(42.903551573561,70.037228389215,
    73.15193725644));
#2199 = CARTESIAN_POINT('',(42.897463302679,70.059913106688,
    73.980733631798));
#2200 = CARTESIAN_POINT('',(42.886702656796,70.098963388962,
    75.676133168768));
#2201 = CARTESIAN_POINT('',(42.882107307894,70.114994506447,
    76.542741134015));
#2202 = CARTESIAN_POINT('',(42.878560519952,70.127045673729,
    77.409390399117));
#2203 = CARTESIAN_POINT('',(42.876165302701,70.135079902169,
    78.276067891313));
#2204 = CARTESIAN_POINT('',(42.874973323727,70.139078619661,
    79.142759695901));
#2205 = CARTESIAN_POINT('',(42.874994383344,70.139007971605,
    80.812473700468));
#2206 = CARTESIAN_POINT('',(42.876037083566,70.135509756629,
    81.615496427673));
#2207 = CARTESIAN_POINT('',(42.878112617645,70.128547208014,
    82.418507626405));
#2208 = CARTESIAN_POINT('',(42.88118159636,70.118134479927,
    83.221496213927));
#2209 = CARTESIAN_POINT('',(42.885168548392,70.104298677222,
    84.02445166613));
#2210 = CARTESIAN_POINT('',(42.8925692227,70.07773164054,85.263177068717
    ));
#2211 = CARTESIAN_POINT('',(42.895415084581,70.067375361554,
    85.69954832604));
#2212 = CARTESIAN_POINT('',(42.898486856304,70.056011198942,
    86.136468933655));
#2213 = CARTESIAN_POINT('',(42.901765592754,70.043641707546,
    86.57392993087));
#2214 = CARTESIAN_POINT('',(42.905229622413,70.030270517389,
    87.011922230321));
#2215 = CARTESIAN_POINT('',(42.912368689743,70.001973260936,
    87.87554941693));
#2216 = CARTESIAN_POINT('',(42.916029922038,69.987123804267,
    88.300644795497));
#2217 = CARTESIAN_POINT('',(42.91981545354,69.9713621992,88.725721593113
    ));
#2218 = CARTESIAN_POINT('',(42.923700839262,69.954697128261,
    89.150778733112));
#2219 = CARTESIAN_POINT('',(42.927660003958,69.937137880484,
    89.575815224176));
#2220 = CARTESIAN_POINT('',(42.931665266137,69.918694510934,
    90.000830161794));
#2221 = ORIENTED_EDGE('',*,*,#2222,.T.);
#2222 = EDGE_CURVE('',#2186,#2223,#2225,.T.);
#2223 = VERTEX_POINT('',#2224);
#2224 = CARTESIAN_POINT('',(38.158827989319,71.650594235043,90.));
#2225 = CIRCLE('',#2226,3.);
#2226 = AXIS2_PLACEMENT_3D('',#2227,#2228,#2229);
#2227 = CARTESIAN_POINT('',(40.,69.282032302755,90.));
#2228 = DIRECTION('',(0.,0.,1.));
#2229 = DIRECTION('',(1.,0.,0.));
#2230 = ORIENTED_EDGE('',*,*,#2231,.T.);
#2231 = EDGE_CURVE('',#2223,#2232,#2234,.T.);
#2232 = VERTEX_POINT('',#2233);
#2233 = CARTESIAN_POINT('',(39.00280860551,66.452613754227,
    29.641784488917));
#2234 = B_SPLINE_CURVE_WITH_KNOTS('',8,(#2235,#2236,#2237,#2238,#2239,
    #2240,#2241,#2242,#2243,#2244,#2245,#2246,#2247,#2248,#2249,#2250,
    #2251,#2252,#2253,#2254,#2255,#2256,#2257,#2258,#2259,#2260,#2261,
    #2262,#2263,#2264,#2265,#2266,#2267,#2268,#2269,#2270,#2271,#2272,
    #2273,#2274,#2275,#2276,#2277,#2278,#2279,#2280,#2281,#2282,#2283,
    #2284,#2285,#2286,#2287,#2288,#2289,#2290,#2291,#2292,#2293,#2294,
    #2295,#2296,#2297,#2298,#2299),.UNSPECIFIED.,.F.,.F.,(9,7,7,7,7,7,7,
    7,7,9),(0.,3.563310475003E-02,0.163180033828,0.4385347946,
    0.621994394891,0.81024446998,0.859952403988,0.914631523217,
    0.959629382221,1.),.UNSPECIFIED.);
#2235 = CARTESIAN_POINT('',(38.158799118417,71.650571792326,
    90.000830161794));
#2236 = CARTESIAN_POINT('',(38.168298971508,71.657956584309,
    89.727676831606));
#2237 = CARTESIAN_POINT('',(38.177563702354,71.665088709409,
    89.454515163074));
#2238 = CARTESIAN_POINT('',(38.186587171096,71.671970361226,
    89.181345356911));
#2239 = CARTESIAN_POINT('',(38.195363421148,71.678603672323,
    88.90816762297));
#2240 = CARTESIAN_POINT('',(38.203886679193,71.684990714229,
    88.634982180249));
#2241 = CARTESIAN_POINT('',(38.212151355188,71.691133497437,
    88.361789256885));
#2242 = CARTESIAN_POINT('',(38.220152042359,71.697033971406,
    88.088589090162));
#2243 = CARTESIAN_POINT('',(38.255557947502,71.722953903764,
    86.837450450384));
#2244 = CARTESIAN_POINT('',(38.279783154424,71.740133297643,
    85.859428584103));
#2245 = CARTESIAN_POINT('',(38.300320069079,71.754318060235,
    84.881328701767));
#2246 = CARTESIAN_POINT('',(38.316963065377,71.765581906344,
    83.903164214946));
#2247 = CARTESIAN_POINT('',(38.329548393626,71.773983456758,
    82.92494972541));
#2248 = CARTESIAN_POINT('',(38.337963477404,71.779562965575,
    81.94670093136));
#2249 = CARTESIAN_POINT('',(38.342152260925,71.782340458969,
    80.96843486985));
#2250 = CARTESIAN_POINT('',(38.342034887863,71.782262631385,
    77.878241541641));
#2251 = CARTESIAN_POINT('',(38.322258686391,71.76914987771,
    75.766309860087));
#2252 = CARTESIAN_POINT('',(38.282793501009,71.742974912266,
    73.654566816942));
#2253 = CARTESIAN_POINT('',(38.224853997556,71.703304429439,
    71.543166878563));
#2254 = CARTESIAN_POINT('',(38.150940234083,71.64924332447,
    69.432227277853));
#2255 = CARTESIAN_POINT('',(38.064089422848,71.579699397247,
    67.321838847461));
#2256 = CARTESIAN_POINT('',(37.967554304996,71.493495183632,
    65.212069182972));
#2257 = CARTESIAN_POINT('',(37.796316321036,71.319991949508,
    61.697736927121));
#2258 = CARTESIAN_POINT('',(37.725079673595,71.242659726976,
    60.292810280005));
#2259 = CARTESIAN_POINT('',(37.65209578816,71.15699862183,
    58.888189832259));
#2260 = CARTESIAN_POINT('',(37.578425328922,71.062618464745,
    57.483889157455));
#2261 = CARTESIAN_POINT('',(37.505161860596,70.959115154413,
    56.079928969374));
#2262 = CARTESIAN_POINT('',(37.433451287618,70.846063396464,
    54.67633700531));
#2263 = CARTESIAN_POINT('',(37.364539594145,70.722998884916,
    53.273147644599));
#2264 = CARTESIAN_POINT('',(37.233468979638,70.452292186464,
    50.431026537014));
#2265 = CARTESIAN_POINT('',(37.171538786146,70.304099621322,
    48.99220274003));
#2266 = CARTESIAN_POINT('',(37.115585580362,70.14423469135,
    47.553898641256));
#2267 = CARTESIAN_POINT('',(37.067379201565,69.972032632748,
    46.116159359456));
#2268 = CARTESIAN_POINT('',(37.028910446943,69.786752636124,
    44.679103306658));
#2269 = CARTESIAN_POINT('',(37.00285226192,69.587411984109,
    43.242934858524));
#2270 = CARTESIAN_POINT('',(36.992402853348,69.372846587235,
    41.807937780807));
#2271 = CARTESIAN_POINT('',(37.006200754759,69.079737112337,
    39.996022595444));
#2272 = CARTESIAN_POINT('',(37.010573483723,69.01728807224,
    39.617554943498));
#2273 = CARTESIAN_POINT('',(37.016543673328,68.95357945592,
    39.239125568068));
#2274 = CARTESIAN_POINT('',(37.024232066671,68.888567006074,
    38.860743171643));
#2275 = CARTESIAN_POINT('',(37.033774847538,68.822200843184,
    38.482417016921));
#2276 = CARTESIAN_POINT('',(37.045328348273,68.754423760718,
    38.104157177564));
#2277 = CARTESIAN_POINT('',(37.059076741289,68.685168445481,
    37.725974959067));
#2278 = CARTESIAN_POINT('',(37.09302541185,68.53645676036,
    36.931979893199));
#2279 = CARTESIAN_POINT('',(37.113733003026,68.456673733503,
    36.516190255867));
#2280 = CARTESIAN_POINT('',(37.137664477496,68.374894872184,
    36.100528737557));
#2281 = CARTESIAN_POINT('',(37.165169803079,68.290992008748,
    35.685012134067));
#2282 = CARTESIAN_POINT('',(37.196690026964,68.204804395452,
    35.269664040004));
#2283 = CARTESIAN_POINT('',(37.232770082541,68.116134113199,
    34.854515773289));
#2284 = CARTESIAN_POINT('',(37.274126246217,68.024722195785,
    34.439612207045));
#2285 = CARTESIAN_POINT('',(37.361124325854,67.852371029728,
    33.683853208603));
#2286 = CARTESIAN_POINT('',(37.40453998332,67.772590536697,
    33.343348793031));
#2287 = CARTESIAN_POINT('',(37.453035461072,67.690489774464,
    33.003514495058));
#2288 = CARTESIAN_POINT('',(37.507206839261,67.605856052331,
    32.664392564347));
#2289 = CARTESIAN_POINT('',(37.567810631117,67.518442454832,
    32.32615779709));
#2290 = CARTESIAN_POINT('',(37.636266435912,67.427800867567,
    31.989204920087));
#2291 = CARTESIAN_POINT('',(37.715159591935,67.333115003033,
    31.654235974837));
#2292 = CARTESIAN_POINT('',(37.89270456818,67.143243486144,
    31.024588321067));
#2293 = CARTESIAN_POINT('',(37.966524508455,67.075044545049,
    30.819567410528));
#2294 = CARTESIAN_POINT('',(38.036182825662,67.00732970837,
    30.609390318038));
#2295 = CARTESIAN_POINT('',(38.130037457334,66.925006702914,
    30.371778302438));
#2296 = CARTESIAN_POINT('',(38.264932953902,66.821625377369,
    30.107419551416));
#2297 = CARTESIAN_POINT('',(38.440984558344,66.700118575904,
    29.831683214361));
#2298 = CARTESIAN_POINT('',(38.665038514705,66.571656385103,
    29.610696450013));
#2299 = CARTESIAN_POINT('',(39.00280860551,66.452613754227,
    29.641784488917));
#2300 = ORIENTED_EDGE('',*,*,#2301,.T.);
#2301 = EDGE_CURVE('',#2232,#2178,#2302,.T.);
#2302 = B_SPLINE_CURVE_WITH_KNOTS('',7,(#2303,#2304,#2305,#2306,#2307,
    #2308,#2309,#2310,#2311,#2312,#2313,#2314,#2315,#2316,#2317,#2318,
    #2319,#2320,#2321,#2322,#2323,#2324,#2325,#2326,#2327,#2328,#2329,
    #2330,#2331,#2332,#2333,#2334,#2335,#2336,#2337,#2338,#2339,#2340),
  .UNSPECIFIED.,.F.,.F.,(8,6,6,6,6,6,8),(0.,7.043328029265E-02,
    0.161056163705,0.27075725562,0.390431560052,0.680756506889,1.),
  .UNSPECIFIED.);
#2303 = CARTESIAN_POINT('',(39.00280860551,66.452613754227,
    29.641784488917));
#2304 = CARTESIAN_POINT('',(39.13436473077,66.406248526265,
    29.653892789952));
#2305 = CARTESIAN_POINT('',(39.349796459828,66.337339927209,
    29.708936469923));
#2306 = CARTESIAN_POINT('',(39.60577009488,66.283963502415,
    29.910629863627));
#2307 = CARTESIAN_POINT('',(39.871095889993,66.262527485953,
    30.287461981451));
#2308 = CARTESIAN_POINT('',(40.11912732681,66.271802894358,
    30.79120082844));
#2309 = CARTESIAN_POINT('',(40.320160390248,66.296953620381,
    31.29539772336));
#2310 = CARTESIAN_POINT('',(40.580089351049,66.334941499934,
    31.977948377311));
#2311 = CARTESIAN_POINT('',(40.709801427378,66.362390970012,
    32.365205761883));
#2312 = CARTESIAN_POINT('',(40.827957479733,66.393792521267,
    32.754415550784));
#2313 = CARTESIAN_POINT('',(40.937244226222,66.427994469823,
    33.144857620135));
#2314 = CARTESIAN_POINT('',(41.038947238601,66.464447118665,
    33.536192218971));
#2315 = CARTESIAN_POINT('',(41.133851484351,66.502834012642,
    33.928312245331));
#2316 = CARTESIAN_POINT('',(41.331229939893,66.590965757072,
    34.796789796774));
#2317 = CARTESIAN_POINT('',(41.43069038431,66.641343364449,
    35.272390755495));
#2318 = CARTESIAN_POINT('',(41.523075932492,66.693259080411,
    35.748007337638));
#2319 = CARTESIAN_POINT('',(41.609304389283,66.746376661685,
    36.223671809645));
#2320 = CARTESIAN_POINT('',(41.690097746586,66.800429499036,
    36.699400678378));
#2321 = CARTESIAN_POINT('',(41.765993924064,66.855216853866,
    37.175194841253));
#2322 = CARTESIAN_POINT('',(41.915370469867,66.970955424196,
    38.170126420194));
#2323 = CARTESIAN_POINT('',(41.988006025959,67.032015971664,
    38.689286692915));
#2324 = CARTESIAN_POINT('',(42.055912526147,67.09353654649,
    39.208499641883));
#2325 = CARTESIAN_POINT('',(42.119519935066,67.155355258056,
    39.727754915839));
#2326 = CARTESIAN_POINT('',(42.179175170494,67.217341221801,
    40.247040870108));
#2327 = CARTESIAN_POINT('',(42.235174148356,67.279382375295,
    40.766342954964));
#2328 = CARTESIAN_POINT('',(42.415357793641,67.491794995375,
    42.545445269187));
#2329 = CARTESIAN_POINT('',(42.523021470471,67.642101790211,
    43.806349933884));
#2330 = CARTESIAN_POINT('',(42.614284221749,67.79093713805,
    45.06809900803));
#2331 = CARTESIAN_POINT('',(42.691333774208,67.937457519592,
    46.330510539465));
#2332 = CARTESIAN_POINT('',(42.755992259914,68.080971359729,
    47.593459126749));
#2333 = CARTESIAN_POINT('',(42.809714907724,68.220936044928,
    48.856877858726));
#2334 = CARTESIAN_POINT('',(42.902246717176,68.506365912071,
    51.510522020139));
#2335 = CARTESIAN_POINT('',(42.939035436897,68.650985891632,
    52.900800579763));
#2336 = CARTESIAN_POINT('',(42.965848254999,68.790113967882,
    54.291529654278));
#2337 = CARTESIAN_POINT('',(42.984104789611,68.923231759744,
    55.682660861362));
#2338 = CARTESIAN_POINT('',(42.995084846521,69.049876643084,
    57.074158427772));
#2339 = CARTESIAN_POINT('',(43.,69.169613759369,58.465999673046));
#2340 = CARTESIAN_POINT('',(43.,69.282032302755,59.858175161641));
#2341 = ORIENTED_EDGE('',*,*,#2177,.F.);
#2342 = ORIENTED_EDGE('',*,*,#1156,.F.);
#2343 = CYLINDRICAL_SURFACE('',#2344,3.);
#2344 = AXIS2_PLACEMENT_3D('',#2345,#2346,#2347);
#2345 = CARTESIAN_POINT('',(40.,69.282032302755,-20.));
#2346 = DIRECTION('',(-0.,-0.,-1.));
#2347 = DIRECTION('',(1.,0.,0.));
#2348 = ADVANCED_FACE('',(#2349),#2548,.F.);
#2349 = FACE_BOUND('',#2350,.T.);
#2350 = EDGE_LOOP('',(#2351,#2352,#2360,#2430,#2439,#2523,#2546,#2547));
#2351 = ORIENTED_EDGE('',*,*,#1217,.F.);
#2352 = ORIENTED_EDGE('',*,*,#2353,.T.);
#2353 = EDGE_CURVE('',#1218,#2354,#2356,.T.);
#2354 = VERTEX_POINT('',#2355);
#2355 = CARTESIAN_POINT('',(-37.,69.282032302755,41.264525760674));
#2356 = LINE('',#2357,#2358);
#2357 = CARTESIAN_POINT('',(-37.,69.282032302755,-20.));
#2358 = VECTOR('',#2359,1.);
#2359 = DIRECTION('',(0.,0.,1.));
#2360 = ORIENTED_EDGE('',*,*,#2361,.T.);
#2361 = EDGE_CURVE('',#2354,#2362,#2364,.T.);
#2362 = VERTEX_POINT('',#2363);
#2363 = CARTESIAN_POINT('',(-38.15882798931,71.650594235043,90.));
#2364 = B_SPLINE_CURVE_WITH_KNOTS('',8,(#2365,#2366,#2367,#2368,#2369,
    #2370,#2371,#2372,#2373,#2374,#2375,#2376,#2377,#2378,#2379,#2380,
    #2381,#2382,#2383,#2384,#2385,#2386,#2387,#2388,#2389,#2390,#2391,
    #2392,#2393,#2394,#2395,#2396,#2397,#2398,#2399,#2400,#2401,#2402,
    #2403,#2404,#2405,#2406,#2407,#2408,#2409,#2410,#2411,#2412,#2413,
    #2414,#2415,#2416,#2417,#2418,#2419,#2420,#2421,#2422,#2423,#2424,
    #2425,#2426,#2427,#2428,#2429),.UNSPECIFIED.,.F.,.F.,(9,7,7,7,7,7,7,
    7,7,9),(0.,0.22144256078,0.448239227623,0.623719855288,0.70727121484
    ,0.748838024754,0.796195117109,0.896621930765,0.950441487455,1.),
  .UNSPECIFIED.);
#2365 = CARTESIAN_POINT('',(-37.,69.282032302755,41.264525760674));
#2366 = CARTESIAN_POINT('',(-37.,69.490689142811,42.608152359669));
#2367 = CARTESIAN_POINT('',(-37.01658516773,69.684931913128,
    43.952981565453));
#2368 = CARTESIAN_POINT('',(-37.04575053744,69.866220523541,
    45.298739168538));
#2369 = CARTESIAN_POINT('',(-37.08501502485,70.035462148442,
    46.645225153028));
#2370 = CARTESIAN_POINT('',(-37.13233902616,70.193408614057,
    47.992293315163));
#2371 = CARTESIAN_POINT('',(-37.18611546398,70.340657909071,
    49.339852398049));
#2372 = CARTESIAN_POINT('',(-37.24492719942,70.477741382727,
    50.687860713571));
#2373 = CARTESIAN_POINT('',(-37.37163906462,70.735597272037,
    53.417396506427));
#2374 = CARTESIAN_POINT('',(-37.43972114551,70.855890319806,
    54.798891533057));
#2375 = CARTESIAN_POINT('',(-37.51042809792,70.966511088477,
    56.18077419477));
#2376 = CARTESIAN_POINT('',(-37.5825763142,71.067900572607,
    57.563012314241));
#2377 = CARTESIAN_POINT('',(-37.65507427907,71.160463813652,
    58.945579818356));
#2378 = CARTESIAN_POINT('',(-37.72687931522,71.244586051934,
    60.328457091406));
#2379 = CARTESIAN_POINT('',(-37.79697988037,71.320639348242,
    61.711631082043));
#2380 = CARTESIAN_POINT('',(-37.9165713973,71.44185701054,64.1655304082)
  );
#2381 = CARTESIAN_POINT('',(-37.96713632485,71.490116710116,
    65.236134986314));
#2382 = CARTESIAN_POINT('',(-38.01564718463,71.533923766126,
    66.306903253484));
#2383 = CARTESIAN_POINT('',(-38.06166551576,71.573437781068,
    67.377828236711));
#2384 = CARTESIAN_POINT('',(-38.10476691796,71.608812594248,
    68.448901595234));
#2385 = CARTESIAN_POINT('',(-38.14454704708,71.640194282138,
    69.520113506183));
#2386 = CARTESIAN_POINT('',(-38.18063209859,71.667717532425,
    70.591452475494));
#2387 = CARTESIAN_POINT('',(-38.22795926437,71.702824093171,
    72.173054385161));
#2388 = CARTESIAN_POINT('',(-38.24231264586,71.713299853112,
    72.683229313526));
#2389 = CARTESIAN_POINT('',(-38.25571845116,71.722940424153,
    73.193428300841));
#2390 = CARTESIAN_POINT('',(-38.26814352385,71.731757713245,
    73.703649674643));
#2391 = CARTESIAN_POINT('',(-38.27955734599,71.739762669238,
    74.213891644929));
#2392 = CARTESIAN_POINT('',(-38.28993236089,71.746965170402,
    74.724152300719));
#2393 = CARTESIAN_POINT('',(-38.29924429592,71.753373911948,
    75.234429606628));
#2394 = CARTESIAN_POINT('',(-38.31156601021,71.761793428962,
    75.998591618491));
#2395 = CARTESIAN_POINT('',(-38.31538828446,71.764393871183,
    76.252278173873));
#2396 = CARTESIAN_POINT('',(-38.31893742594,71.766799024362,
    76.505779580499));
#2397 = CARTESIAN_POINT('',(-38.32221180253,71.769010209993,
    76.759094364556));
#2398 = CARTESIAN_POINT('',(-38.32521003191,71.771028666901,
    77.012221063486));
#2399 = CARTESIAN_POINT('',(-38.32793098168,71.772855551243,
    77.26515822599));
#2400 = CARTESIAN_POINT('',(-38.33037376925,71.774491936515,
    77.517904412029));
#2401 = CARTESIAN_POINT('',(-38.33500320008,71.777587241437,
    78.058192872147));
#2402 = CARTESIAN_POINT('',(-38.33710893142,71.778991128064,
    78.345930038614));
#2403 = CARTESIAN_POINT('',(-38.33885292871,71.780151198459,
    78.633669268408));
#2404 = CARTESIAN_POINT('',(-38.34023358214,71.781068028378,
    78.92141013558));
#2405 = CARTESIAN_POINT('',(-38.34124969928,71.781742044293,
    79.209152212047));
#2406 = CARTESIAN_POINT('',(-38.34190050508,71.782173523394,
    79.496895067587));
#2407 = CARTESIAN_POINT('',(-38.34218564185,71.782362593587,
    79.784638269844));
#2408 = CARTESIAN_POINT('',(-38.34193451693,71.78219607655,
    80.682577718225));
#2409 = CARTESIAN_POINT('',(-38.34011976932,71.780992668109,
    81.292773807546));
#2410 = CARTESIAN_POINT('',(-38.33666137271,71.778698847349,
    81.902965382936));
#2411 = CARTESIAN_POINT('',(-38.33156865327,71.775311280596,
    82.51314830973));
#2412 = CARTESIAN_POINT('',(-38.32485939286,71.770823609578,
    83.123318585279));
#2413 = CARTESIAN_POINT('',(-38.31655940458,71.765226599677,
    83.73347233628));
#2414 = CARTESIAN_POINT('',(-38.30670210852,71.758508288181,
    84.343605816108));
#2415 = CARTESIAN_POINT('',(-38.28923268645,71.746445025826,
    85.280678154976));
#2416 = CARTESIAN_POINT('',(-38.28269594065,71.741905794862,
    85.607939170805));
#2417 = CARTESIAN_POINT('',(-38.2757227731,71.737033158233,
    85.935495288641));
#2418 = CARTESIAN_POINT('',(-38.26831867126,71.73182364515,
    86.263343319811));
#2419 = CARTESIAN_POINT('',(-38.26048970691,71.726273595439,
    86.591480047947));
#2420 = CARTESIAN_POINT('',(-38.25224253621,71.720379159546,
    86.919902228991));
#2421 = CARTESIAN_POINT('',(-38.24358439961,71.714136298531,
    87.248606591192));
#2422 = CARTESIAN_POINT('',(-38.2261792508,71.701467454861,
    87.880526559663));
#2423 = CARTESIAN_POINT('',(-38.21750025487,71.695100016566,
    88.183454885176));
#2424 = CARTESIAN_POINT('',(-38.20849311722,71.68843598302,
    88.486374466438));
#2425 = CARTESIAN_POINT('',(-38.19916509896,71.681472739606,
    88.789284973056));
#2426 = CARTESIAN_POINT('',(-38.18952373822,71.674207559565,
    89.092186089419));
#2427 = CARTESIAN_POINT('',(-38.17957684923,71.666637620297,
    89.395077514658));
#2428 = CARTESIAN_POINT('',(-38.16933252141,71.658760019671,
    89.697958962612));
#2429 = CARTESIAN_POINT('',(-38.15879911841,71.650571792326,
    90.000830161794));
#2430 = ORIENTED_EDGE('',*,*,#2431,.T.);
#2431 = EDGE_CURVE('',#2362,#2432,#2434,.T.);
#2432 = VERTEX_POINT('',#2433);
#2433 = CARTESIAN_POINT('',(-42.93165744282,69.918730534191,90.));
#2434 = CIRCLE('',#2435,3.);
#2435 = AXIS2_PLACEMENT_3D('',#2436,#2437,#2438);
#2436 = CARTESIAN_POINT('',(-40.,69.282032302755,90.));
#2437 = DIRECTION('',(0.,0.,1.));
#2438 = DIRECTION('',(1.,0.,0.));
#2439 = ORIENTED_EDGE('',*,*,#2440,.T.);
#2440 = EDGE_CURVE('',#2432,#2441,#2443,.T.);
#2441 = VERTEX_POINT('',#2442);
#2442 = CARTESIAN_POINT('',(-37.69980104843,67.356133867418,
    31.744159391543));
#2443 = B_SPLINE_CURVE_WITH_KNOTS('',8,(#2444,#2445,#2446,#2447,#2448,
    #2449,#2450,#2451,#2452,#2453,#2454,#2455,#2456,#2457,#2458,#2459,
    #2460,#2461,#2462,#2463,#2464,#2465,#2466,#2467,#2468,#2469,#2470,
    #2471,#2472,#2473,#2474,#2475,#2476,#2477,#2478,#2479,#2480,#2481,
    #2482,#2483,#2484,#2485,#2486,#2487,#2488,#2489,#2490,#2491,#2492,
    #2493,#2494,#2495,#2496,#2497,#2498,#2499,#2500,#2501,#2502,#2503,
    #2504,#2505,#2506,#2507,#2508,#2509,#2510,#2511,#2512,#2513,#2514,
    #2515,#2516,#2517,#2518,#2519,#2520,#2521,#2522),.UNSPECIFIED.,.F.,
  .F.,(9,7,7,7,7,7,7,7,7,7,7,9),(0.,3.297166748562E-02,0.154352899034,
    0.181929338923,0.418610650979,0.600477493113,0.769508217667,
    0.82154575067,0.873583912219,0.906815855701,0.949412235125,1.),
  .UNSPECIFIED.);
#2444 = CARTESIAN_POINT('',(-42.93166526613,69.918694510934,
    90.000830161794));
#2445 = CARTESIAN_POINT('',(-42.9291619919,69.930221536524,
    89.735197761381));
#2446 = CARTESIAN_POINT('',(-42.92667587234,69.941419639099,
    89.469557342113));
#2447 = CARTESIAN_POINT('',(-42.92421262496,69.952286759895,
    89.203909091664));
#2448 = CARTESIAN_POINT('',(-42.92177780144,69.96282090335,
    88.938253206236));
#2449 = CARTESIAN_POINT('',(-42.91937678765,69.973020137102,
    88.672589890563));
#2450 = CARTESIAN_POINT('',(-42.9170148036,69.982882591994,
    88.406919357909));
#2451 = CARTESIAN_POINT('',(-42.91469690349,69.992406462066,
    88.141241830067));
#2452 = CARTESIAN_POINT('',(-42.90407519077,70.035398112649,
    86.897472741814));
#2453 = CARTESIAN_POINT('',(-42.89638615076,70.064593837978,
    85.919295519154));
#2454 = CARTESIAN_POINT('',(-42.88960375643,70.089090125327,
    84.941038385967));
#2455 = CARTESIAN_POINT('',(-42.88393827482,70.108811565515,
    83.962714946007));
#2456 = CARTESIAN_POINT('',(-42.87955649839,70.123698293719,
    82.98433995976));
#2457 = CARTESIAN_POINT('',(-42.87657391326,70.133708822431,
    82.005929400808));
#2458 = CARTESIAN_POINT('',(-42.87504987646,70.138821809092,
    81.027500499018));
#2459 = CARTESIAN_POINT('',(-42.87497124529,70.139085592409,
    79.826783854412));
#2460 = CARTESIAN_POINT('',(-42.87503204887,70.138881614002,
    79.604495910434));
#2461 = CARTESIAN_POINT('',(-42.87516823251,70.138424816103,79.382208134
    ));
#2462 = CARTESIAN_POINT('',(-42.87537966501,70.137715245831,
    79.159920722848));
#2463 = CARTESIAN_POINT('',(-42.87566606436,70.136753004476,
    78.937633877059));
#2464 = CARTESIAN_POINT('',(-42.8760269978,70.135538247495,
    78.71534779906));
#2465 = CARTESIAN_POINT('',(-42.8764618818,70.134071184514,
    78.493062693616));
#2466 = CARTESIAN_POINT('',(-42.88133087242,70.117597452802,
    76.36297444601));
#2467 = CARTESIAN_POINT('',(-42.89108530044,70.084276491417,
    74.455257736853));
#2468 = CARTESIAN_POINT('',(-42.9057696614,70.032555797497,
    72.547760842075));
#2469 = CARTESIAN_POINT('',(-42.9241223573,69.962888751503,
    70.640589890106));
#2470 = CARTESIAN_POINT('',(-42.94415277637,69.875988906228,
    68.733826567768));
#2471 = CARTESIAN_POINT('',(-42.96355840929,69.77267953048,
    66.827534230841));
#2472 = CARTESIAN_POINT('',(-42.97987933279,69.653838585167,
    64.92175977431));
#2473 = CARTESIAN_POINT('',(-42.99868867758,69.417853596574,
    61.552550989189));
#2474 = CARTESIAN_POINT('',(-43.00350533485,69.306691422228,
    60.088901573501));
#2475 = CARTESIAN_POINT('',(-43.0037855003,69.187327551902,
    58.625592311269));
#2476 = CARTESIAN_POINT('',(-42.99830284806,69.060199631364,
    57.162638862219));
#2477 = CARTESIAN_POINT('',(-42.98578203202,68.925764539536,
    55.7000660999));
#2478 = CARTESIAN_POINT('',(-42.96488067041,68.784506070393,
    54.237907918722));
#2479 = CARTESIAN_POINT('',(-42.93413381367,68.636956502044,
    52.776206655871));
#2480 = CARTESIAN_POINT('',(-42.85252848722,68.341338489647,
    49.956948315563));
#2481 = CARTESIAN_POINT('',(-42.80324399175,68.194049672071,
    48.599395581784));
#2482 = CARTESIAN_POINT('',(-42.74262214551,68.042368589584,
    47.242332919165));
#2483 = CARTESIAN_POINT('',(-42.6690960412,67.886873265179,
    45.885803774105));
#2484 = CARTESIAN_POINT('',(-42.58089331525,67.72822939361,
    44.529914998965));
#2485 = CARTESIAN_POINT('',(-42.47570472355,67.567319487306,
    43.174844916461));
#2486 = CARTESIAN_POINT('',(-42.35074406358,67.405224193014,
    41.820839626698));
#2487 = CARTESIAN_POINT('',(-42.15524401063,67.194088085942,
    40.051837224865));
#2488 = CARTESIAN_POINT('',(-42.10688990859,67.144439234665,
    39.635464519183));
#2489 = CARTESIAN_POINT('',(-42.05606065945,67.094894947724,
    39.219137763402));
#2490 = CARTESIAN_POINT('',(-42.00259644972,67.045516764016,
    38.802869097942));
#2491 = CARTESIAN_POINT('',(-41.94631565522,66.996374727607,
    38.386671915675));
#2492 = CARTESIAN_POINT('',(-41.88700734384,66.947550278421,
    37.970561266132));
#2493 = CARTESIAN_POINT('',(-41.82441832493,66.899141243477,
    37.554554579061));
#2494 = CARTESIAN_POINT('',(-41.69205036595,66.803396035568,
    36.722785812352));
#2495 = CARTESIAN_POINT('',(-41.62227300858,66.756060788837,
    36.307032544364));
#2496 = CARTESIAN_POINT('',(-41.54858442948,66.709384833237,
    35.891425915081));
#2497 = CARTESIAN_POINT('',(-41.47061277827,66.663511213674,
    35.475986162408));
#2498 = CARTESIAN_POINT('',(-41.38788562788,66.61862300008,
    35.060745960463));
#2499 = CARTESIAN_POINT('',(-41.2998186954,66.574947750191,
    34.645751168993));
#2500 = CARTESIAN_POINT('',(-41.20563973857,66.532787398555,
    34.231067716465));
#2501 = CARTESIAN_POINT('',(-41.03933319369,66.466957603176,
    33.552254201632));
#2502 = CARTESIAN_POINT('',(-40.9715008713,66.442170139964,
    33.28810970704));
#2503 = CARTESIAN_POINT('',(-40.90050206626,66.418305003457,
    33.024363588979));
#2504 = CARTESIAN_POINT('',(-40.82599750261,66.395500410315,
    32.761069318434));
#2505 = CARTESIAN_POINT('',(-40.74745670785,66.373978560922,
    32.498341975662));
#2506 = CARTESIAN_POINT('',(-40.66415801298,66.354045639398,
    32.236358250196));
#2507 = CARTESIAN_POINT('',(-40.5751885525,66.33609181359,
    31.975356440848));
#2508 = CARTESIAN_POINT('',(-40.35672017437,66.300722745473,
    31.382729924445));
#2509 = CARTESIAN_POINT('',(-40.1635374203,66.274657248087,
    30.887643463368));
#2510 = CARTESIAN_POINT('',(-39.92640263367,66.263207238844,
    30.391854670886));
#2511 = CARTESIAN_POINT('',(-39.67882245079,66.272576019979,
    29.987739244323));
#2512 = CARTESIAN_POINT('',(-39.42919057159,66.315557549848,
    29.746282754318));
#2513 = CARTESIAN_POINT('',(-39.20408890424,66.382351152191,
    29.663404947964));
#2514 = CARTESIAN_POINT('',(-39.06085946141,66.430923256732,
    29.641109418018));
#2515 = CARTESIAN_POINT('',(-38.84744572253,66.50951323246,
    29.637963764753));
#2516 = CARTESIAN_POINT('',(-38.75748075741,66.548570663067,
    29.665181409712));
#2517 = CARTESIAN_POINT('',(-38.53136181206,66.640908001643,
    29.707874158137));
#2518 = CARTESIAN_POINT('',(-38.29260611246,66.776130470452,
    29.933256064077));
#2519 = CARTESIAN_POINT('',(-38.08744306311,66.941501313953,
    30.369987094729));
#2520 = CARTESIAN_POINT('',(-37.90053446618,67.120869821384,
    30.921645974874));
#2521 = CARTESIAN_POINT('',(-37.76716500817,67.275677646713,
    31.459872730298));
#2522 = CARTESIAN_POINT('',(-37.69980104843,67.356133867418,
    31.744159391543));
#2523 = ORIENTED_EDGE('',*,*,#2524,.T.);
#2524 = EDGE_CURVE('',#2441,#2354,#2525,.T.);
#2525 = B_SPLINE_CURVE_WITH_KNOTS('',7,(#2526,#2527,#2528,#2529,#2530,
    #2531,#2532,#2533,#2534,#2535,#2536,#2537,#2538,#2539,#2540,#2541,
    #2542,#2543,#2544,#2545),.UNSPECIFIED.,.F.,.F.,(8,6,6,8),(0.,
    0.256806834837,0.638288482398,1.),.UNSPECIFIED.);
#2526 = CARTESIAN_POINT('',(-37.69980104843,67.356133867418,
    31.744159391543));
#2527 = CARTESIAN_POINT('',(-37.61848738436,67.453250933099,
    32.0873160314));
#2528 = CARTESIAN_POINT('',(-37.54884338338,67.545868626854,
    32.432666094132));
#2529 = CARTESIAN_POINT('',(-37.4882462599,67.634823178196,
    32.779535513883));
#2530 = CARTESIAN_POINT('',(-37.43467508626,67.720764686668,
    33.127432563488));
#2531 = CARTESIAN_POINT('',(-37.38671079273,67.804157121846,
    33.476047854478));
#2532 = CARTESIAN_POINT('',(-37.34353616749,67.885278323337,
    33.825254337081));
#2533 = CARTESIAN_POINT('',(-37.24759583224,68.081486354656,
    34.694807193982));
#2534 = CARTESIAN_POINT('',(-37.200079304,68.193745870491,
    35.214338832923));
#2535 = CARTESIAN_POINT('',(-37.16019311069,68.301830705168,
    35.73375508177));
#2536 = CARTESIAN_POINT('',(-37.12675824964,68.40620007886,
    36.253140175869));
#2537 = CARTESIAN_POINT('',(-37.09883686554,68.507214796067,
    36.772540910841));
#2538 = CARTESIAN_POINT('',(-37.07575923727,68.605129567816,
    37.29197116003));
#2539 = CARTESIAN_POINT('',(-37.03915962521,68.790241236371,
    38.303903011334));
#2540 = CARTESIAN_POINT('',(-37.02519264929,68.877792260212,
    38.796743087614));
#2541 = CARTESIAN_POINT('',(-37.01461607781,68.962961549329,
    39.289866482827));
#2542 = CARTESIAN_POINT('',(-37.0070776034,69.045873909423,
    39.783233565662));
#2543 = CARTESIAN_POINT('',(-37.00228829912,69.126632328401,
    40.276813427574));
#2544 = CARTESIAN_POINT('',(-37.,69.205326035762,40.770582784185));
#2545 = CARTESIAN_POINT('',(-37.,69.282032302755,41.264525760674));
#2546 = ORIENTED_EDGE('',*,*,#2353,.F.);
#2547 = ORIENTED_EDGE('',*,*,#1338,.F.);
#2548 = CYLINDRICAL_SURFACE('',#2549,3.);
#2549 = AXIS2_PLACEMENT_3D('',#2550,#2551,#2552);
#2550 = CARTESIAN_POINT('',(-40.,69.282032302755,-20.));
#2551 = DIRECTION('',(-0.,-0.,-1.));
#2552 = DIRECTION('',(1.,0.,0.));
#2553 = ADVANCED_FACE('',(#2554),#2761,.F.);
#2554 = FACE_BOUND('',#2555,.T.);
#2555 = EDGE_LOOP('',(#2556,#2557,#2565,#2584,#2703,#2712,#2759,#2760));
#2556 = ORIENTED_EDGE('',*,*,#1375,.F.);
#2557 = ORIENTED_EDGE('',*,*,#2558,.T.);
#2558 = EDGE_CURVE('',#1376,#2559,#2561,.T.);
#2559 = VERTEX_POINT('',#2560);
#2560 = CARTESIAN_POINT('',(43.,-69.28203230275,59.858175161641));
#2561 = LINE('',#2562,#2563);
#2562 = CARTESIAN_POINT('',(43.,-69.28203230275,-20.));
#2563 = VECTOR('',#2564,1.);
#2564 = DIRECTION('',(0.,0.,1.));
#2565 = ORIENTED_EDGE('',*,*,#2566,.T.);
#2566 = EDGE_CURVE('',#2559,#2567,#2569,.T.);
#2567 = VERTEX_POINT('',#2568);
#2568 = CARTESIAN_POINT('',(42.442658266813,-67.54036052208,
    42.95618615636));
#2569 = B_SPLINE_CURVE_WITH_KNOTS('',7,(#2570,#2571,#2572,#2573,#2574,
    #2575,#2576,#2577,#2578,#2579,#2580,#2581,#2582,#2583),
  .UNSPECIFIED.,.F.,.F.,(8,6,8),(0.,0.498573538265,1.),.UNSPECIFIED.);
#2570 = CARTESIAN_POINT('',(43.,-69.28203230275,59.858175161641));
#2571 = CARTESIAN_POINT('',(43.,-69.18466316562,58.65236941136));
#2572 = CARTESIAN_POINT('',(42.9963129236,-69.08180354586,
    57.446812540842));
#2573 = CARTESIAN_POINT('',(42.98819094336,-68.97372077199,
    56.241512578972));
#2574 = CARTESIAN_POINT('',(42.974853215783,-68.86069502605,
    55.036484037804));
#2575 = CARTESIAN_POINT('',(42.955479920541,-68.74302216822,
    53.831747841912));
#2576 = CARTESIAN_POINT('',(42.929181680791,-68.62102571448,
    52.627331085775));
#2577 = CARTESIAN_POINT('',(42.860511136568,-68.36840952562,
    50.212312288868));
#2578 = CARTESIAN_POINT('',(42.818048360218,-68.23774624667,
    49.001732052932));
#2579 = CARTESIAN_POINT('',(42.766521278215,-68.10346651456,
    47.791542950401));
#2580 = CARTESIAN_POINT('',(42.704773839204,-67.96599868468,
    46.581793949525));
#2581 = CARTESIAN_POINT('',(42.631429107049,-67.82586062016,
    45.372567512105));
#2582 = CARTESIAN_POINT('',(42.544846777401,-67.68367777217,
    44.163979579079));
#2583 = CARTESIAN_POINT('',(42.442658266813,-67.54036052208,
    42.95618615636));
#2584 = ORIENTED_EDGE('',*,*,#2585,.T.);
#2585 = EDGE_CURVE('',#2567,#2586,#2588,.T.);
#2586 = VERTEX_POINT('',#2587);
#2587 = CARTESIAN_POINT('',(38.158827989319,-71.65059423504,90.));
#2588 = B_SPLINE_CURVE_WITH_KNOTS('',8,(#2589,#2590,#2591,#2592,#2593,
    #2594,#2595,#2596,#2597,#2598,#2599,#2600,#2601,#2602,#2603,#2604,
    #2605,#2606,#2607,#2608,#2609,#2610,#2611,#2612,#2613,#2614,#2615,
    #2616,#2617,#2618,#2619,#2620,#2621,#2622,#2623,#2624,#2625,#2626,
    #2627,#2628,#2629,#2630,#2631,#2632,#2633,#2634,#2635,#2636,#2637,
    #2638,#2639,#2640,#2641,#2642,#2643,#2644,#2645,#2646,#2647,#2648,
    #2649,#2650,#2651,#2652,#2653,#2654,#2655,#2656,#2657,#2658,#2659,
    #2660,#2661,#2662,#2663,#2664,#2665,#2666,#2667,#2668,#2669,#2670,
    #2671,#2672,#2673,#2674,#2675,#2676,#2677,#2678,#2679,#2680,#2681,
    #2682,#2683,#2684,#2685,#2686,#2687,#2688,#2689,#2690,#2691,#2692,
    #2693,#2694,#2695,#2696,#2697,#2698,#2699,#2700,#2701,#2702),
  .UNSPECIFIED.,.F.,.F.,(9,7,7,7,7,7,7,7,7,7,7,7,7,7,7,7,9),(0.,
    3.157782028399E-02,6.568479167075E-02,8.28297972081E-02,
    0.110568493635,0.118061514707,0.139409250577,0.184587615731,
    0.233488166484,0.322177128056,0.410510534259,0.606790721825,
    0.853659538258,0.885110033631,0.944106465633,0.973755350954,1.),
  .UNSPECIFIED.);
#2589 = CARTESIAN_POINT('',(42.442658266813,-67.54036052208,
    42.95618615636));
#2590 = CARTESIAN_POINT('',(42.400970435618,-67.48189421022,
    42.463466495063));
#2591 = CARTESIAN_POINT('',(42.356738535592,-67.42324348907,
    41.97088027793));
#2592 = CARTESIAN_POINT('',(42.30981286673,-67.36446590368,
    41.478437199741));
#2593 = CARTESIAN_POINT('',(42.260025188012,-67.3056266532,
    40.986150720794));
#2594 = CARTESIAN_POINT('',(42.207186596928,-67.24679946734,
    40.494038129172));
#2595 = CARTESIAN_POINT('',(42.151080866464,-67.18806921856,
    40.002120795828));
#2596 = CARTESIAN_POINT('',(42.091453239564,-67.12953626987,
    39.510424622496));
#2597 = CARTESIAN_POINT('',(41.959453558867,-67.00844635698,
    38.488175698054));
#2598 = CARTESIAN_POINT('',(41.886446676614,-66.94594515365,
    37.95768805962));
#2599 = CARTESIAN_POINT('',(41.808578436836,-66.88397168789,
    37.427536307474));
#2600 = CARTESIAN_POINT('',(41.725390569866,-66.82270673528,
    36.897765085853));
#2601 = CARTESIAN_POINT('',(41.636302808505,-66.76238280365,
    36.368450417447));
#2602 = CARTESIAN_POINT('',(41.540602244335,-66.70328877589,
    35.83970021717));
#2603 = CARTESIAN_POINT('',(41.437350116127,-66.64580664075,
    35.311661120928));
#2604 = CARTESIAN_POINT('',(41.268635842731,-66.56274553793,
    34.519569071152));
#2605 = CARTESIAN_POINT('',(41.209890762517,-66.53553050436,
    34.254845957375));
#2606 = CARTESIAN_POINT('',(41.148703746029,-66.50894015061,
    33.990386933383));
#2607 = CARTESIAN_POINT('',(41.084861727774,-66.48306133878,
    33.726225976413));
#2608 = CARTESIAN_POINT('',(41.018074370897,-66.45801399451,
    33.462417471459));
#2609 = CARTESIAN_POINT('',(40.947974067184,-66.43395110701,
    33.199036211276));
#2610 = CARTESIAN_POINT('',(40.874115937061,-66.41105872907,
    32.936177396375));
#2611 = CARTESIAN_POINT('',(40.669559133617,-66.35476693543,
    32.249712846942));
#2612 = CARTESIAN_POINT('',(40.539943798808,-66.32740285836,
    31.862090971995));
#2613 = CARTESIAN_POINT('',(40.403397905107,-66.29789253056,
    31.453738779166));
#2614 = CARTESIAN_POINT('',(40.223936303371,-66.27991114542,
    31.025924700915));
#2615 = CARTESIAN_POINT('',(40.019276997029,-66.26586445611,
    30.576954513904));
#2616 = CARTESIAN_POINT('',(39.790920138347,-66.26415167203,
    30.15159787589));
#2617 = CARTESIAN_POINT('',(39.495490666641,-66.3143096361,
    29.860024228703));
#2618 = CARTESIAN_POINT('',(39.189380667902,-66.39284320166,
    29.688205456193));
#2619 = CARTESIAN_POINT('',(39.112468328277,-66.41435095832,
    29.65374616989));
#2620 = CARTESIAN_POINT('',(39.029834082142,-66.44027792407,
    29.630539795508));
#2621 = CARTESIAN_POINT('',(38.945694429845,-66.47011292668,
    29.62368314963));
#2622 = CARTESIAN_POINT('',(38.86355073377,-66.50274805638,
    29.634109133503));
#2623 = CARTESIAN_POINT('',(38.78635272513,-66.53656143157,
    29.659288473508));
#2624 = CARTESIAN_POINT('',(38.716517592796,-66.56962460136,
    29.694223054348));
#2625 = CARTESIAN_POINT('',(38.486096194486,-66.68501858054,
    29.840512554635));
#2626 = CARTESIAN_POINT('',(38.358729902843,-66.76168221021,
    29.984990375395));
#2627 = CARTESIAN_POINT('',(38.259819038076,-66.83121283584,
    30.146845667693));
#2628 = CARTESIAN_POINT('',(38.178039985815,-66.89517594019,
    30.313213240232));
#2629 = CARTESIAN_POINT('',(38.10548018052,-66.95508526896,
    30.47718054753));
#2630 = CARTESIAN_POINT('',(38.037638105475,-67.01240283083,
    30.637787689925));
#2631 = CARTESIAN_POINT('',(37.973423292796,-67.06853889742,
    30.800027413574));
#2632 = CARTESIAN_POINT('',(37.791845521998,-67.2440278296,
    31.344813044887));
#2633 = CARTESIAN_POINT('',(37.693627894228,-67.35436715816,
    31.720657686751));
#2634 = CARTESIAN_POINT('',(37.60995673956,-67.45919867349,
    32.099559500096));
#2635 = CARTESIAN_POINT('',(37.537058610116,-67.55966425442,
    32.480250610228));
#2636 = CARTESIAN_POINT('',(37.473458566863,-67.65619868823,
    32.862156156511));
#2637 = CARTESIAN_POINT('',(37.417612834213,-67.74931117551,
    33.244944199106));
#2638 = CARTESIAN_POINT('',(37.367648853053,-67.83966862592,
    33.628484179645));
#2639 = CARTESIAN_POINT('',(37.2751155783,-68.02252758781,34.42964106649
    ));
#2640 = CARTESIAN_POINT('',(37.233509601037,-68.11431992009,
    34.846025193792));
#2641 = CARTESIAN_POINT('',(37.197250906591,-68.20328843643,
    35.262379375142));
#2642 = CARTESIAN_POINT('',(37.1655987211,-68.28971639315,
    35.678732303562));
#2643 = CARTESIAN_POINT('',(37.137993688539,-68.37381810514,
    36.095107715066));
#2644 = CARTESIAN_POINT('',(37.11398528007,-68.4557649773,
    36.511518081879));
#2645 = CARTESIAN_POINT('',(37.093218560282,-68.53569058715,
    36.927963643405));
#2646 = CARTESIAN_POINT('',(37.043056621139,-68.75520035954,
    38.099752161499));
#2647 = CARTESIAN_POINT('',(37.020355839909,-68.89055969335,
    38.85592610811));
#2648 = CARTESIAN_POINT('',(37.005538524468,-69.02040326876,
    39.612766902614));
#2649 = CARTESIAN_POINT('',(36.997448368142,-69.14514028528,
    40.370141646369));
#2650 = CARTESIAN_POINT('',(36.99519310711,-69.26508883054,
    41.127951506723));
#2651 = CARTESIAN_POINT('',(36.998039597265,-69.38051330632,
    41.886127093144));
#2652 = CARTESIAN_POINT('',(37.00539707681,-69.49162989705,
    42.644627931329));
#2653 = CARTESIAN_POINT('',(37.028062170411,-69.70519977663,
    44.15920789936));
#2654 = CARTESIAN_POINT('',(37.043337803053,-69.80768267816,
    44.915261820171));
#2655 = CARTESIAN_POINT('',(37.062076040735,-69.90626249692,
    45.671566428241));
#2656 = CARTESIAN_POINT('',(37.083858069244,-70.00109322663,
    46.428093056538));
#2657 = CARTESIAN_POINT('',(37.108323880461,-70.09230774845,
    47.184818247113));
#2658 = CARTESIAN_POINT('',(37.135154095612,-70.18002444566,
    47.941723468838));
#2659 = CARTESIAN_POINT('',(37.164059234075,-70.26435106478,
    48.698794968692));
#2660 = CARTESIAN_POINT('',(37.263031200063,-70.52544813798,
    51.138614917798));
#2661 = CARTESIAN_POINT('',(37.340230058238,-70.6892541999,
    52.821950690605));
#2662 = CARTESIAN_POINT('',(37.423484165129,-70.83788444789,
    54.505934168084));
#2663 = CARTESIAN_POINT('',(37.510483183776,-70.97220096858,
    56.190485568919));
#2664 = CARTESIAN_POINT('',(37.599172898383,-71.09296801104,
    57.875543934392));
#2665 = CARTESIAN_POINT('',(37.687622451583,-71.20090101978,
    59.561068213776));
#2666 = CARTESIAN_POINT('',(37.773991767323,-71.29667819151,
    61.247037589676));
#2667 = CARTESIAN_POINT('',(37.960295606107,-71.48693850535,
    65.054514980939));
#2668 = CARTESIAN_POINT('',(38.057988611587,-71.57472402276,
    67.176252747413));
#2669 = CARTESIAN_POINT('',(38.14606778876,-71.64559344279,
    69.298619693527));
#2670 = CARTESIAN_POINT('',(38.221214142527,-71.70074858159,
    71.421548192972));
#2671 = CARTESIAN_POINT('',(38.280321528512,-71.74130663198,
    73.544947013422));
#2672 = CARTESIAN_POINT('',(38.320812527836,-71.76819049511,
    75.668698208165));
#2673 = CARTESIAN_POINT('',(38.341417385853,-71.78185317364,
    77.79264572829));
#2674 = CARTESIAN_POINT('',(38.342189050868,-71.78236485421,
    80.187180952858));
#2675 = CARTESIAN_POINT('',(38.341952946525,-71.78220829117,
    80.457767063026));
#2676 = CARTESIAN_POINT('',(38.341393473435,-71.78183736772,
    80.728352901771));
#2677 = CARTESIAN_POINT('',(38.340510899416,-71.78125198807,
    80.998938115099));
#2678 = CARTESIAN_POINT('',(38.339305822216,-71.78045193842,
    81.269522344376));
#2679 = CARTESIAN_POINT('',(38.337779166512,-71.77943688807,
    81.540105228932));
#2680 = CARTESIAN_POINT('',(38.335932180905,-71.77820639049,
    81.810686408655));
#2681 = CARTESIAN_POINT('',(38.32970381892,-71.774046455,82.588831539276
    ));
#2682 = CARTESIAN_POINT('',(38.324519555432,-71.77057292685,
    83.096390356023));
#2683 = CARTESIAN_POINT('',(38.318223947369,-71.7663356147,
    83.603939623803));
#2684 = CARTESIAN_POINT('',(38.310831319738,-71.76132939401,
    84.111477086932));
#2685 = CARTESIAN_POINT('',(38.302359767263,-71.75554778904,
    84.619000585141));
#2686 = CARTESIAN_POINT('',(38.292830902011,-71.74898306096,
    85.126508051642));
#2687 = CARTESIAN_POINT('',(38.28226960101,-71.74162629593,
    85.63399751119));
#2688 = CARTESIAN_POINT('',(38.264891292624,-71.72936725536,
    86.396497873802));
#2689 = CARTESIAN_POINT('',(38.258821003866,-71.72506156135,
    86.65170386132));
#2690 = CARTESIAN_POINT('',(38.252495841184,-71.72054865671,
    86.907083520717));
#2691 = CARTESIAN_POINT('',(38.245918957417,-71.71582672301,
    87.162635321709));
#2692 = CARTESIAN_POINT('',(38.239093704673,-71.71089387792,
    87.418357723704));
#2693 = CARTESIAN_POINT('',(38.232023634319,-71.70574817519,
    87.674249175803));
#2694 = CARTESIAN_POINT('',(38.224712496989,-71.70038760469,
    87.930308116799));
#2695 = CARTESIAN_POINT('',(38.21048266633,-71.68987298083,
    88.413338516498));
#2696 = CARTESIAN_POINT('',(38.203619268394,-71.68476883047,
    88.640139064092));
#2697 = CARTESIAN_POINT('',(38.196577129893,-71.67949652785,
    88.866934481961));
#2698 = CARTESIAN_POINT('',(38.189359416952,-71.67405493141,
    89.093724638342));
#2699 = CARTESIAN_POINT('',(38.1819693807,-71.66844287148,
    89.320509405699));
#2700 = CARTESIAN_POINT('',(38.174410357269,-71.66265915027,
    89.547288660734));
#2701 = CARTESIAN_POINT('',(38.166685767795,-71.65670254189,
    89.774062284377));
#2702 = CARTESIAN_POINT('',(38.158799118417,-71.65057179232,
    90.000830161794));
#2703 = ORIENTED_EDGE('',*,*,#2704,.T.);
#2704 = EDGE_CURVE('',#2586,#2705,#2707,.T.);
#2705 = VERTEX_POINT('',#2706);
#2706 = CARTESIAN_POINT('',(42.931657442828,-69.91873053419,90.));
#2707 = CIRCLE('',#2708,3.);
#2708 = AXIS2_PLACEMENT_3D('',#2709,#2710,#2711);
#2709 = CARTESIAN_POINT('',(40.,-69.28203230275,90.));
#2710 = DIRECTION('',(0.,0.,1.));
#2711 = DIRECTION('',(1.,0.,0.));
#2712 = ORIENTED_EDGE('',*,*,#2713,.T.);
#2713 = EDGE_CURVE('',#2705,#2559,#2714,.T.);
#2714 = B_SPLINE_CURVE_WITH_KNOTS('',7,(#2715,#2716,#2717,#2718,#2719,
    #2720,#2721,#2722,#2723,#2724,#2725,#2726,#2727,#2728,#2729,#2730,
    #2731,#2732,#2733,#2734,#2735,#2736,#2737,#2738,#2739,#2740,#2741,
    #2742,#2743,#2744,#2745,#2746,#2747,#2748,#2749,#2750,#2751,#2752,
    #2753,#2754,#2755,#2756,#2757,#2758),.UNSPECIFIED.,.F.,.F.,(8,6,6,6,
    6,6,6,8),(0.,0.163507809767,0.249850590669,0.335893178993,
    0.704605096901,0.852209114684,0.921383083631,1.),.UNSPECIFIED.);
#2715 = CARTESIAN_POINT('',(42.931665266137,-69.91869451093,
    90.000830161794));
#2716 = CARTESIAN_POINT('',(42.924997674393,-69.94939712431,
    89.293310626861));
#2717 = CARTESIAN_POINT('',(42.918454594608,-69.97771739976,
    88.585733011036));
#2718 = CARTESIAN_POINT('',(42.912150967535,-70.0036141759,
    87.878101116295));
#2719 = CARTESIAN_POINT('',(42.90619376931,-70.02704914696,
    87.170419249187));
#2720 = CARTESIAN_POINT('',(42.900679748786,-70.04798765908,
    86.462692247232));
#2721 = CARTESIAN_POINT('',(42.895693164862,-70.06639950665,
    85.754925505325));
#2722 = CARTESIAN_POINT('',(42.888985507229,-70.09063495963,
    84.673360202438));
#2723 = CARTESIAN_POINT('',(42.88683644743,-70.09828955905,
    84.299992709425));
#2724 = CARTESIAN_POINT('',(42.884866008616,-70.10522252933,
    83.927027646313));
#2725 = CARTESIAN_POINT('',(42.88308252205,-70.11143338976,
    83.55447007456));
#2726 = CARTESIAN_POINT('',(42.881492986059,-70.11692217647,
    83.182324993868));
#2727 = CARTESIAN_POINT('',(42.880103066034,-70.12168944246,
    82.810597342193));
#2728 = CARTESIAN_POINT('',(42.877735246158,-70.12976900293,
    82.069277586488));
#2729 = CARTESIAN_POINT('',(42.876754555111,-70.13309092672,
    81.699258525327));
#2730 = CARTESIAN_POINT('',(42.875980090099,-70.13570020844,
    81.329235775696));
#2731 = CARTESIAN_POINT('',(42.875415605556,-70.13759549947,
    80.959210326193));
#2732 = CARTESIAN_POINT('',(42.875063518678,-70.13877593151,
    80.589183178177));
#2733 = CARTESIAN_POINT('',(42.874924886569,-70.1392411248,
    80.219155333361));
#2734 = CARTESIAN_POINT('',(42.875318619048,-70.13792019722,
    78.263476175468));
#2735 = CARTESIAN_POINT('',(42.879551635573,-70.12371728144,
    76.677826194092));
#2736 = CARTESIAN_POINT('',(42.887673173843,-70.09639142745,
    75.092264967052));
#2737 = CARTESIAN_POINT('',(42.899198598901,-70.05611701544,
    73.506866804109));
#2738 = CARTESIAN_POINT('',(42.913180640386,-70.00323402929,
    71.921693479885));
#2739 = CARTESIAN_POINT('',(42.928411605477,-69.93817501611,
    70.336796152003));
#2740 = CARTESIAN_POINT('',(42.949565102889,-69.83070901448,
    68.117871726572));
#2741 = CARTESIAN_POINT('',(42.955592483495,-69.79811410002,
    67.483577550507));
#2742 = CARTESIAN_POINT('',(42.961511677403,-69.76367810486,
    66.849335978166));
#2743 = CARTESIAN_POINT('',(42.967230463877,-69.72743397046,
    66.215149105214));
#2744 = CARTESIAN_POINT('',(42.972653309043,-69.68941580514,
    65.581018829592));
#2745 = CARTESIAN_POINT('',(42.977682052381,-69.64965864217,
    64.946946864479));
#2746 = CARTESIAN_POINT('',(42.984341685689,-69.58876794435,
    64.015807783508));
#2747 = CARTESIAN_POINT('',(42.986359563846,-69.56895143742,
    63.718507922854));
#2748 = CARTESIAN_POINT('',(42.988259643809,-69.54875168686,
    63.421037976166));
#2749 = CARTESIAN_POINT('',(42.990031192256,-69.5281717791,
    63.123400771027));
#2750 = CARTESIAN_POINT('',(42.991663326422,-69.50721487726,
    62.825599155733));
#2751 = CARTESIAN_POINT('',(42.993145014097,-69.48588422112,
    62.527635999295));
#2752 = CARTESIAN_POINT('',(42.995965334653,-69.43951961406,
    61.89069573714));
#2753 = CARTESIAN_POINT('',(42.997255853977,-69.41439391872,
    61.551895455147));
#2754 = CARTESIAN_POINT('',(42.998320720336,-69.38881162021,
    61.213113583157));
#2755 = CARTESIAN_POINT('',(42.999143867298,-69.3627784212,
    60.874350364938));
#2756 = CARTESIAN_POINT('',(42.999709073266,-69.33630014804,
    60.535606050327));
#2757 = CARTESIAN_POINT('',(42.999999961476,-69.30938275068,
    60.196880895235));
#2758 = CARTESIAN_POINT('',(43.,-69.28203230275,59.858175161641));
#2759 = ORIENTED_EDGE('',*,*,#2558,.F.);
#2760 = ORIENTED_EDGE('',*,*,#1419,.F.);
#2761 = CYLINDRICAL_SURFACE('',#2762,3.);
#2762 = AXIS2_PLACEMENT_3D('',#2763,#2764,#2765);
#2763 = CARTESIAN_POINT('',(40.,-69.28203230275,-20.));
#2764 = DIRECTION('',(-0.,-0.,-1.));
#2765 = DIRECTION('',(1.,0.,0.));
#2766 = ADVANCED_FACE('',(#2767,#3153,#3169,#3185,#3201),#3217,.F.);
#2767 = FACE_BOUND('',#2768,.F.);
#2768 = EDGE_LOOP('',(#2769,#2954,#2955,#2965,#2966,#2967,#3152));
#2769 = ORIENTED_EDGE('',*,*,#2770,.F.);
#2770 = EDGE_CURVE('',#1610,#1933,#2771,.T.);
#2771 = B_SPLINE_CURVE_WITH_KNOTS('',7,(#2772,#2773,#2774,#2775,#2776,
    #2777,#2778,#2779,#2780,#2781,#2782,#2783,#2784,#2785,#2786,#2787,
    #2788,#2789,#2790,#2791,#2792,#2793,#2794,#2795,#2796,#2797,#2798,
    #2799,#2800,#2801,#2802,#2803,#2804,#2805,#2806,#2807,#2808,#2809,
    #2810,#2811,#2812,#2813,#2814,#2815,#2816,#2817,#2818,#2819,#2820,
    #2821,#2822,#2823,#2824,#2825,#2826,#2827,#2828,#2829,#2830,#2831,
    #2832,#2833,#2834,#2835,#2836,#2837,#2838,#2839,#2840,#2841,#2842,
    #2843,#2844,#2845,#2846,#2847,#2848,#2849,#2850,#2851,#2852,#2853,
    #2854,#2855,#2856,#2857,#2858,#2859,#2860,#2861,#2862,#2863,#2864,
    #2865,#2866,#2867,#2868,#2869,#2870,#2871,#2872,#2873,#2874,#2875,
    #2876,#2877,#2878,#2879,#2880,#2881,#2882,#2883,#2884,#2885,#2886,
    #2887,#2888,#2889,#2890,#2891,#2892,#2893,#2894,#2895,#2896,#2897,
    #2898,#2899,#2900,#2901,#2902,#2903,#2904,#2905,#2906,#2907,#2908,
    #2909,#2910,#2911,#2912,#2913,#2914,#2915,#2916,#2917,#2918,#2919,
    #2920,#2921,#2922,#2923,#2924,#2925,#2926,#2927,#2928,#2929,#2930,
    #2931,#2932,#2933,#2934,#2935,#2936,#2937,#2938,#2939,#2940,#2941,
    #2942,#2943,#2944,#2945,#2946,#2947,#2948,#2949,#2950,#2951,#2952,
    #2953),.UNSPECIFIED.,.T.,.F.,(8,6,6,6,6,6,6,6,6,6,6,6,6,6,6,6,6,6,6,
    6,6,6,6,6,6,6,6,6,6,6,8),(0.,5.825373211355E-02,9.28695581456E-02,
    0.135658558964,0.166496403892,0.189870606704,0.246645673888,
    0.304850237953,0.327370410917,0.334556079236,0.339945330475,
    0.359185733627,0.403389147166,0.439021409852,0.458913164525,
    0.498645765246,0.538378365967,0.558270120639,0.593902383325,
    0.638105796864,0.653738972948,0.661871564525,0.670019883787,
    0.692719581268,0.751388135828,0.808615797958,0.832176333373,
    0.86326000897,0.906390111728,0.941281885437,1.),.UNSPECIFIED.);
#2772 = CARTESIAN_POINT('',(82.449160907827,5.684341886081E-14,0.));
#2773 = CARTESIAN_POINT('',(82.44916132932,-3.935750963418,0.));
#2774 = CARTESIAN_POINT('',(82.103156369045,-7.874076645984,0.));
#2775 = CARTESIAN_POINT('',(81.410347552264,-11.77357860774,0.));
#2776 = CARTESIAN_POINT('',(80.382558754831,-15.59942804915,0.));
#2777 = CARTESIAN_POINT('',(79.038651328752,-19.32211790302,0.));
#2778 = CARTESIAN_POINT('',(77.402733641037,-22.91703210974,0.));
#2779 = CARTESIAN_POINT('',(74.373648253523,-28.41241802793,0.));
#2780 = CARTESIAN_POINT('',(73.150995905741,-30.40915916292,0.));
#2781 = CARTESIAN_POINT('',(71.840182752081,-32.35061317222,0.));
#2782 = CARTESIAN_POINT('',(70.44679003586,-34.23389472389,0.));
#2783 = CARTESIAN_POINT('',(68.976350264706,-36.05679806674,0.));
#2784 = CARTESIAN_POINT('',(67.43420094263,-37.81769007033,0.));
#2785 = CARTESIAN_POINT('',(63.836696522682,-41.61402976321,0.));
#2786 = CARTESIAN_POINT('',(61.746239358536,-43.61602884824,0.));
#2787 = CARTESIAN_POINT('',(59.563444043024,-45.51939464604,0.));
#2788 = CARTESIAN_POINT('',(57.297242331714,-47.32294098567,0.));
#2789 = CARTESIAN_POINT('',(54.955923031981,-49.02615887766,0.));
#2790 = CARTESIAN_POINT('',(52.547005325796,-50.62905786788,0.));
#2791 = CARTESIAN_POINT('',(48.297090515005,-53.21519827132,0.));
#2792 = CARTESIAN_POINT('',(46.485464804046,-54.24642532659,0.));
#2793 = CARTESIAN_POINT('',(44.644773795079,-55.22582509012,0.));
#2794 = CARTESIAN_POINT('',(42.777405205091,-56.15357181088,0.));
#2795 = CARTESIAN_POINT('',(40.885601790193,-57.02987925886,0.));
#2796 = CARTESIAN_POINT('',(38.97145597873,-57.85498980365,0.));
#2797 = CARTESIAN_POINT('',(35.570569803728,-59.21596487365,0.));
#2798 = CARTESIAN_POINT('',(34.092525264135,-59.77349630773,0.));
#2799 = CARTESIAN_POINT('',(32.603621368469,-60.30186828131,0.));
#2800 = CARTESIAN_POINT('',(31.1046761054,-60.80119017417,0.));
#2801 = CARTESIAN_POINT('',(29.596474614771,-61.27156916932,0.));
#2802 = CARTESIAN_POINT('',(28.079768832938,-61.71310916263,0.));
#2803 = CARTESIAN_POINT('',(22.852342559231,-63.12858682067,0.));
#2804 = CARTESIAN_POINT('',(19.103725418362,-63.96163641372,0.));
#2805 = CARTESIAN_POINT('',(15.319405250706,-64.62660673773,0.));
#2806 = CARTESIAN_POINT('',(11.508904594212,-65.12459147203,0.));
#2807 = CARTESIAN_POINT('',(7.68131275072,-65.45638569665,0.));
#2808 = CARTESIAN_POINT('',(3.845286285072,-65.62246692267,0.));
#2809 = CARTESIAN_POINT('',(-3.923824951083,-65.62314389118,0.));
#2810 = CARTESIAN_POINT('',(-7.856421173502,-65.44928796487,0.));
#2811 = CARTESIAN_POINT('',(-11.77995325137,-65.10127767394,0.));
#2812 = CARTESIAN_POINT('',(-15.68509290334,-64.5785851085,0.));
#2813 = CARTESIAN_POINT('',(-19.56202004685,-63.88033682263,0.));
#2814 = CARTESIAN_POINT('',(-23.40042233717,-63.00533742157,0.));
#2815 = CARTESIAN_POINT('',(-28.65550508606,-61.54429513153,0.));
#2816 = CARTESIAN_POINT('',(-30.1141125723,-61.10999829724,0.));
#2817 = CARTESIAN_POINT('',(-31.56464036725,-60.64890837687,0.));
#2818 = CARTESIAN_POINT('',(-33.00641052709,-60.16093216122,0.));
#2819 = CARTESIAN_POINT('',(-34.43871617474,-59.64597440738,0.));
#2820 = CARTESIAN_POINT('',(-35.86082149983,-59.10393783876,0.));
#2821 = CARTESIAN_POINT('',(-37.72222304678,-58.35310036502,0.));
#2822 = CARTESIAN_POINT('',(-38.16911267362,-58.16962035585,0.));
#2823 = CARTESIAN_POINT('',(-38.61262417476,-57.98433058685,0.));
#2824 = CARTESIAN_POINT('',(-39.0527523691,-57.79727804597,0.));
#2825 = CARTESIAN_POINT('',(-39.48949335884,-57.60850923981,0.));
#2826 = CARTESIAN_POINT('',(-39.92284452954,-57.41807019364,0.));
#2827 = CARTESIAN_POINT('',(-40.67592684739,-57.08165694939,0.));
#2828 = CARTESIAN_POINT('',(-40.99547927789,-56.93715767457,0.));
#2829 = CARTESIAN_POINT('',(-41.31338245511,-56.79165513637,0.));
#2830 = CARTESIAN_POINT('',(-41.63092585792,-56.64456731906,0.));
#2831 = CARTESIAN_POINT('',(-41.94876783055,-56.4955836818,0.));
#2832 = CARTESIAN_POINT('',(-42.2669355825,-56.34466515855,0.));
#2833 = CARTESIAN_POINT('',(-43.71977776988,-55.64717175328,0.));
#2834 = CARTESIAN_POINT('',(-44.84571580882,-55.08352113589,0.));
#2835 = CARTESIAN_POINT('',(-45.96215951867,-54.50104224603,0.));
#2836 = CARTESIAN_POINT('',(-47.06860704011,-53.89969003191,0.));
#2837 = CARTESIAN_POINT('',(-48.16453502243,-53.27942552362,0.));
#2838 = CARTESIAN_POINT('',(-49.24939920461,-52.64021690679,0.));
#2839 = CARTESIAN_POINT('',(-52.78831547007,-50.46992865611,0.));
#2840 = CARTESIAN_POINT('',(-55.19250710171,-48.85777157008,0.));
#2841 = CARTESIAN_POINT('',(-57.52852809764,-47.1452009414,0.));
#2842 = CARTESIAN_POINT('',(-59.78880756595,-45.33222988887,0.));
#2843 = CARTESIAN_POINT('',(-61.96500260709,-43.41940034096,0.));
#2844 = CARTESIAN_POINT('',(-64.04812787118,-41.40794404104,0.));
#2845 = CARTESIAN_POINT('',(-67.62522982763,-37.60071443632,0.));
#2846 = CARTESIAN_POINT('',(-69.15505820646,-35.83881665245,0.));
#2847 = CARTESIAN_POINT('',(-70.61317228649,-34.01542479251,0.));
#2848 = CARTESIAN_POINT('',(-71.99426958507,-32.13219356409,0.));
#2849 = CARTESIAN_POINT('',(-73.29286076822,-30.19134868615,0.));
#2850 = CARTESIAN_POINT('',(-74.50341556858,-28.1957926707,0.));
#2851 = CARTESIAN_POINT('',(-76.24419096971,-25.00674815963,0.));
#2852 = CARTESIAN_POINT('',(-76.83871992787,-23.84836104855,0.));
#2853 = CARTESIAN_POINT('',(-77.40319823284,-22.67472850898,0.));
#2854 = CARTESIAN_POINT('',(-77.93670653727,-21.48657148464,0.));
#2855 = CARTESIAN_POINT('',(-78.4383564663,-20.28468668731,0.));
#2856 = CARTESIAN_POINT('',(-78.90730287425,-19.06995206081,0.));
#2857 = CARTESIAN_POINT('',(-80.21254797401,-15.39323211233,0.));
#2858 = CARTESIAN_POINT('',(-80.94883177075,-12.89537737037,0.));
#2859 = CARTESIAN_POINT('',(-81.54508741428,-10.35789586854,0.));
#2860 = CARTESIAN_POINT('',(-81.99612422453,-7.789637134016,0.));
#2861 = CARTESIAN_POINT('',(-82.29817347553,-5.200185813172,0.));
#2862 = CARTESIAN_POINT('',(-82.44916115236,-2.599903649839,0.));
#2863 = CARTESIAN_POINT('',(-82.44916115236,2.599903649815,0.));
#2864 = CARTESIAN_POINT('',(-82.29817347553,5.200185813165,0.));
#2865 = CARTESIAN_POINT('',(-81.99612422453,7.789637133988,0.));
#2866 = CARTESIAN_POINT('',(-81.54508741429,10.357895868521,0.));
#2867 = CARTESIAN_POINT('',(-80.94883177075,12.895377370364,0.));
#2868 = CARTESIAN_POINT('',(-80.21254797402,15.393232112311,0.));
#2869 = CARTESIAN_POINT('',(-78.90730287426,19.069952060792,0.));
#2870 = CARTESIAN_POINT('',(-78.43835646631,20.2846866873,0.));
#2871 = CARTESIAN_POINT('',(-77.93670653728,21.486571484627,0.));
#2872 = CARTESIAN_POINT('',(-77.40319823285,22.674728508963,0.));
#2873 = CARTESIAN_POINT('',(-76.83871992788,23.848361048534,0.));
#2874 = CARTESIAN_POINT('',(-76.24419096972,25.006748159614,0.));
#2875 = CARTESIAN_POINT('',(-74.50341556859,28.195792670695,0.));
#2876 = CARTESIAN_POINT('',(-73.29286076823,30.191348686131,0.));
#2877 = CARTESIAN_POINT('',(-71.99426958508,32.132193564081,0.));
#2878 = CARTESIAN_POINT('',(-70.6131722865,34.015424792499,0.));
#2879 = CARTESIAN_POINT('',(-69.15505820647,35.838816652438,0.));
#2880 = CARTESIAN_POINT('',(-67.62522982764,37.60071443631,0.));
#2881 = CARTESIAN_POINT('',(-64.04812787119,41.407944041033,0.));
#2882 = CARTESIAN_POINT('',(-61.9650026071,43.419400340951,0.));
#2883 = CARTESIAN_POINT('',(-59.78880756597,45.332229888856,0.));
#2884 = CARTESIAN_POINT('',(-57.52852809766,47.145200941389,0.));
#2885 = CARTESIAN_POINT('',(-55.19250710172,48.857771570083,0.));
#2886 = CARTESIAN_POINT('',(-52.78831547009,50.469928656105,0.));
#2887 = CARTESIAN_POINT('',(-49.45061124159,52.516821052359,0.));
#2888 = CARTESIAN_POINT('',(-48.5709099756,53.039079258899,0.));
#2889 = CARTESIAN_POINT('',(-47.68383478477,53.548828105754,0.));
#2890 = CARTESIAN_POINT('',(-46.78967984618,54.046083630501,0.));
#2891 = CARTESIAN_POINT('',(-45.88872992771,54.530865018533,0.));
#2892 = CARTESIAN_POINT('',(-44.98126038802,55.003194603056,0.));
#2893 = CARTESIAN_POINT('',(-43.59177755759,55.702561493059,0.));
#2894 = CARTESIAN_POINT('',(-43.11453852207,55.938546747611,0.));
#2895 = CARTESIAN_POINT('',(-42.63733691459,56.170321125137,0.));
#2896 = CARTESIAN_POINT('',(-42.16081304318,56.397668472425,0.));
#2897 = CARTESIAN_POINT('',(-41.68469943468,56.620826539576,0.));
#2898 = CARTESIAN_POINT('',(-41.20778959018,56.840424532915,0.));
#2899 = CARTESIAN_POINT('',(-40.2470633357,57.274851250652,0.));
#2900 = CARTESIAN_POINT('',(-39.76192716325,57.490261483461,0.));
#2901 = CARTESIAN_POINT('',(-39.27249923781,57.703586880803,0.));
#2902 = CARTESIAN_POINT('',(-38.77878261578,57.914762178298,0.));
#2903 = CARTESIAN_POINT('',(-38.2807823952,58.123721332707,0.));
#2904 = CARTESIAN_POINT('',(-37.77850571575,58.330397521938,0.));
#2905 = CARTESIAN_POINT('',(-35.86082149985,59.103937838763,0.));
#2906 = CARTESIAN_POINT('',(-34.43871617476,59.645974407382,0.));
#2907 = CARTESIAN_POINT('',(-33.00641052711,60.160932161214,0.));
#2908 = CARTESIAN_POINT('',(-31.56464036726,60.648908376864,0.));
#2909 = CARTESIAN_POINT('',(-30.11411257232,61.109998297236,0.));
#2910 = CARTESIAN_POINT('',(-28.65550508607,61.544295131526,0.));
#2911 = CARTESIAN_POINT('',(-23.40042233719,63.005337421574,0.));
#2912 = CARTESIAN_POINT('',(-19.56202004686,63.880336822624,0.));
#2913 = CARTESIAN_POINT('',(-15.68509290336,64.578585108503,0.));
#2914 = CARTESIAN_POINT('',(-11.77995325139,65.101277673941,0.));
#2915 = CARTESIAN_POINT('',(-7.856421173515,65.449287964872,0.));
#2916 = CARTESIAN_POINT('',(-3.923824951104,65.623143891185,0.));
#2917 = CARTESIAN_POINT('',(3.84528628505,65.622466922677,0.));
#2918 = CARTESIAN_POINT('',(7.681312750711,65.456385696659,0.));
#2919 = CARTESIAN_POINT('',(11.508904594189,65.124591472038,0.));
#2920 = CARTESIAN_POINT('',(15.319405250683,64.626606737733,0.));
#2921 = CARTESIAN_POINT('',(19.103725418353,63.961636413728,0.));
#2922 = CARTESIAN_POINT('',(22.852342559211,63.128586820676,0.));
#2923 = CARTESIAN_POINT('',(28.07976883292,61.713109162642,0.));
#2924 = CARTESIAN_POINT('',(29.596474614756,61.271569169325,0.));
#2925 = CARTESIAN_POINT('',(31.104676105386,60.801190174181,0.));
#2926 = CARTESIAN_POINT('',(32.603621368452,60.301868281322,0.));
#2927 = CARTESIAN_POINT('',(34.092525264118,59.773496307736,0.));
#2928 = CARTESIAN_POINT('',(35.570569803714,59.21596487366,0.));
#2929 = CARTESIAN_POINT('',(38.971455978715,57.854989803659,0.));
#2930 = CARTESIAN_POINT('',(40.885601790178,57.029879258877,0.));
#2931 = CARTESIAN_POINT('',(42.777405205076,56.153571810897,0.));
#2932 = CARTESIAN_POINT('',(44.644773795066,55.225825090136,0.));
#2933 = CARTESIAN_POINT('',(46.485464804034,54.246425326597,0.));
#2934 = CARTESIAN_POINT('',(48.297090514991,53.215198271334,0.));
#2935 = CARTESIAN_POINT('',(52.547005325782,50.629057867904,0.));
#2936 = CARTESIAN_POINT('',(54.955923031975,49.026158877653,0.));
#2937 = CARTESIAN_POINT('',(57.297242331696,47.322940985695,0.));
#2938 = CARTESIAN_POINT('',(59.563444043011,45.51939464606,0.));
#2939 = CARTESIAN_POINT('',(61.746239358537,43.616028848237,0.));
#2940 = CARTESIAN_POINT('',(63.836696522667,41.614029763233,0.));
#2941 = CARTESIAN_POINT('',(67.434200942622,37.817690070347,0.));
#2942 = CARTESIAN_POINT('',(68.976350264697,36.056798066737,0.));
#2943 = CARTESIAN_POINT('',(70.446790035854,34.23389472391,0.));
#2944 = CARTESIAN_POINT('',(71.840182752076,32.35061317224,0.));
#2945 = CARTESIAN_POINT('',(73.150995905734,30.409159162921,0.));
#2946 = CARTESIAN_POINT('',(74.373648253518,28.412418027951,0.));
#2947 = CARTESIAN_POINT('',(77.402733641044,22.917032109755,0.));
#2948 = CARTESIAN_POINT('',(79.038651328708,19.322117903016,0.));
#2949 = CARTESIAN_POINT('',(80.382558754908,15.599428049205,0.));
#2950 = CARTESIAN_POINT('',(81.410347552183,11.773578607706,0.));
#2951 = CARTESIAN_POINT('',(82.103156369091,7.874076646015,0.));
#2952 = CARTESIAN_POINT('',(82.449161329307,3.935750963411,0.));
#2953 = CARTESIAN_POINT('',(82.449160907827,1.42108547152E-14,0.));
#2954 = ORIENTED_EDGE('',*,*,#1609,.T.);
#2955 = ORIENTED_EDGE('',*,*,#2956,.T.);
#2956 = EDGE_CURVE('',#1612,#2957,#2959,.T.);
#2957 = VERTEX_POINT('',#2958);
#2958 = CARTESIAN_POINT('',(6.000769315822E-15,-1.169812630476E-30,228.)
  );
#2959 = ( BOUNDED_CURVE() B_SPLINE_CURVE(2,(#2960,#2961,#2962,#2963,
#2964),.UNSPECIFIED.,.F.,.F.) B_SPLINE_CURVE_WITH_KNOTS((3,2,3),(
    4.712388980385,6.28318530718,7.853981633974),
.PIECEWISE_BEZIER_KNOTS.) CURVE() GEOMETRIC_REPRESENTATION_ITEM() 
RATIONAL_B_SPLINE_CURVE((1.,0.707106781187,1.,0.707106781187,1.)) 
REPRESENTATION_ITEM('') );
#2960 = CARTESIAN_POINT('',(-1.800230794747E-14,3.509437891429E-30,-68.)
  );
#2961 = CARTESIAN_POINT('',(98.,-1.91044900667E-14,-68.));
#2962 = CARTESIAN_POINT('',(98.,-1.91044900667E-14,80.));
#2963 = CARTESIAN_POINT('',(98.,-1.91044900667E-14,228.));
#2964 = CARTESIAN_POINT('',(3.000384657911E-14,-5.849063152381E-30,228.)
  );
#2965 = ORIENTED_EDGE('',*,*,#2956,.F.);
#2966 = ORIENTED_EDGE('',*,*,#1694,.F.);
#2967 = ORIENTED_EDGE('',*,*,#2968,.F.);
#2968 = EDGE_CURVE('',#1924,#1695,#2969,.T.);
#2969 = B_SPLINE_CURVE_WITH_KNOTS('',7,(#2970,#2971,#2972,#2973,#2974,
    #2975,#2976,#2977,#2978,#2979,#2980,#2981,#2982,#2983,#2984,#2985,
    #2986,#2987,#2988,#2989,#2990,#2991,#2992,#2993,#2994,#2995,#2996,
    #2997,#2998,#2999,#3000,#3001,#3002,#3003,#3004,#3005,#3006,#3007,
    #3008,#3009,#3010,#3011,#3012,#3013,#3014,#3015,#3016,#3017,#3018,
    #3019,#3020,#3021,#3022,#3023,#3024,#3025,#3026,#3027,#3028,#3029,
    #3030,#3031,#3032,#3033,#3034,#3035,#3036,#3037,#3038,#3039,#3040,
    #3041,#3042,#3043,#3044,#3045,#3046,#3047,#3048,#3049,#3050,#3051,
    #3052,#3053,#3054,#3055,#3056,#3057,#3058,#3059,#3060,#3061,#3062,
    #3063,#3064,#3065,#3066,#3067,#3068,#3069,#3070,#3071,#3072,#3073,
    #3074,#3075,#3076,#3077,#3078,#3079,#3080,#3081,#3082,#3083,#3084,
    #3085,#3086,#3087,#3088,#3089,#3090,#3091,#3092,#3093,#3094,#3095,
    #3096,#3097,#3098,#3099,#3100,#3101,#3102,#3103,#3104,#3105,#3106,
    #3107,#3108,#3109,#3110,#3111,#3112,#3113,#3114,#3115,#3116,#3117,
    #3118,#3119,#3120,#3121,#3122,#3123,#3124,#3125,#3126,#3127,#3128,
    #3129,#3130,#3131,#3132,#3133,#3134,#3135,#3136,#3137,#3138,#3139,
    #3140,#3141,#3142,#3143,#3144,#3145,#3146,#3147,#3148,#3149,#3150,
    #3151),.UNSPECIFIED.,.T.,.F.,(8,6,6,6,6,6,6,6,6,6,6,6,6,6,6,6,6,6,6,
    6,6,6,6,6,6,6,6,6,6,6,8),(0.,5.825373211355E-02,9.28695581456E-02,
    0.135658558964,0.166496403892,0.189870606704,0.246645673888,
    0.304850237953,0.327370410917,0.334556079236,0.339945330475,
    0.359185733627,0.403389147166,0.439021409852,0.458913164525,
    0.498645765246,0.538378365967,0.558270120639,0.593902383325,
    0.638105796864,0.653738972948,0.661871564525,0.670019883787,
    0.692719581268,0.751388135828,0.808615797958,0.832176333373,
    0.86326000897,0.906390111728,0.941281885437,1.),.UNSPECIFIED.);
#2970 = CARTESIAN_POINT('',(82.449160907827,5.684341886081E-14,0.));
#2971 = CARTESIAN_POINT('',(82.44916132932,-3.935750963418,0.));
#2972 = CARTESIAN_POINT('',(82.103156369045,-7.874076645984,0.));
#2973 = CARTESIAN_POINT('',(81.410347552264,-11.77357860774,0.));
#2974 = CARTESIAN_POINT('',(80.382558754831,-15.59942804915,0.));
#2975 = CARTESIAN_POINT('',(79.038651328752,-19.32211790302,0.));
#2976 = CARTESIAN_POINT('',(77.402733641037,-22.91703210974,0.));
#2977 = CARTESIAN_POINT('',(74.373648253523,-28.41241802793,0.));
#2978 = CARTESIAN_POINT('',(73.150995905741,-30.40915916292,0.));
#2979 = CARTESIAN_POINT('',(71.840182752081,-32.35061317222,0.));
#2980 = CARTESIAN_POINT('',(70.44679003586,-34.23389472389,0.));
#2981 = CARTESIAN_POINT('',(68.976350264706,-36.05679806674,0.));
#2982 = CARTESIAN_POINT('',(67.43420094263,-37.81769007033,0.));
#2983 = CARTESIAN_POINT('',(63.836696522682,-41.61402976321,0.));
#2984 = CARTESIAN_POINT('',(61.746239358536,-43.61602884824,0.));
#2985 = CARTESIAN_POINT('',(59.563444043024,-45.51939464604,0.));
#2986 = CARTESIAN_POINT('',(57.297242331714,-47.32294098567,0.));
#2987 = CARTESIAN_POINT('',(54.955923031981,-49.02615887766,0.));
#2988 = CARTESIAN_POINT('',(52.547005325796,-50.62905786788,0.));
#2989 = CARTESIAN_POINT('',(48.297090515005,-53.21519827132,0.));
#2990 = CARTESIAN_POINT('',(46.485464804046,-54.24642532659,0.));
#2991 = CARTESIAN_POINT('',(44.644773795079,-55.22582509012,0.));
#2992 = CARTESIAN_POINT('',(42.777405205091,-56.15357181088,0.));
#2993 = CARTESIAN_POINT('',(40.885601790193,-57.02987925886,0.));
#2994 = CARTESIAN_POINT('',(38.97145597873,-57.85498980365,0.));
#2995 = CARTESIAN_POINT('',(35.570569803728,-59.21596487365,0.));
#2996 = CARTESIAN_POINT('',(34.092525264135,-59.77349630773,0.));
#2997 = CARTESIAN_POINT('',(32.603621368469,-60.30186828131,0.));
#2998 = CARTESIAN_POINT('',(31.1046761054,-60.80119017417,0.));
#2999 = CARTESIAN_POINT('',(29.596474614771,-61.27156916932,0.));
#3000 = CARTESIAN_POINT('',(28.079768832938,-61.71310916263,0.));
#3001 = CARTESIAN_POINT('',(22.852342559231,-63.12858682067,0.));
#3002 = CARTESIAN_POINT('',(19.103725418362,-63.96163641372,0.));
#3003 = CARTESIAN_POINT('',(15.319405250706,-64.62660673773,0.));
#3004 = CARTESIAN_POINT('',(11.508904594212,-65.12459147203,0.));
#3005 = CARTESIAN_POINT('',(7.68131275072,-65.45638569665,0.));
#3006 = CARTESIAN_POINT('',(3.845286285072,-65.62246692267,0.));
#3007 = CARTESIAN_POINT('',(-3.923824951083,-65.62314389118,0.));
#3008 = CARTESIAN_POINT('',(-7.856421173502,-65.44928796487,0.));
#3009 = CARTESIAN_POINT('',(-11.77995325137,-65.10127767394,0.));
#3010 = CARTESIAN_POINT('',(-15.68509290334,-64.5785851085,0.));
#3011 = CARTESIAN_POINT('',(-19.56202004685,-63.88033682263,0.));
#3012 = CARTESIAN_POINT('',(-23.40042233717,-63.00533742157,0.));
#3013 = CARTESIAN_POINT('',(-28.65550508606,-61.54429513153,0.));
#3014 = CARTESIAN_POINT('',(-30.1141125723,-61.10999829724,0.));
#3015 = CARTESIAN_POINT('',(-31.56464036725,-60.64890837687,0.));
#3016 = CARTESIAN_POINT('',(-33.00641052709,-60.16093216122,0.));
#3017 = CARTESIAN_POINT('',(-34.43871617474,-59.64597440738,0.));
#3018 = CARTESIAN_POINT('',(-35.86082149983,-59.10393783876,0.));
#3019 = CARTESIAN_POINT('',(-37.72222304678,-58.35310036502,0.));
#3020 = CARTESIAN_POINT('',(-38.16911267362,-58.16962035585,0.));
#3021 = CARTESIAN_POINT('',(-38.61262417476,-57.98433058685,0.));
#3022 = CARTESIAN_POINT('',(-39.0527523691,-57.79727804597,0.));
#3023 = CARTESIAN_POINT('',(-39.48949335884,-57.60850923981,0.));
#3024 = CARTESIAN_POINT('',(-39.92284452954,-57.41807019364,0.));
#3025 = CARTESIAN_POINT('',(-40.67592684739,-57.08165694939,0.));
#3026 = CARTESIAN_POINT('',(-40.99547927789,-56.93715767457,0.));
#3027 = CARTESIAN_POINT('',(-41.31338245511,-56.79165513637,0.));
#3028 = CARTESIAN_POINT('',(-41.63092585792,-56.64456731906,0.));
#3029 = CARTESIAN_POINT('',(-41.94876783055,-56.4955836818,0.));
#3030 = CARTESIAN_POINT('',(-42.2669355825,-56.34466515855,0.));
#3031 = CARTESIAN_POINT('',(-43.71977776988,-55.64717175328,0.));
#3032 = CARTESIAN_POINT('',(-44.84571580882,-55.08352113589,0.));
#3033 = CARTESIAN_POINT('',(-45.96215951867,-54.50104224603,0.));
#3034 = CARTESIAN_POINT('',(-47.06860704011,-53.89969003191,0.));
#3035 = CARTESIAN_POINT('',(-48.16453502243,-53.27942552362,0.));
#3036 = CARTESIAN_POINT('',(-49.24939920461,-52.64021690679,0.));
#3037 = CARTESIAN_POINT('',(-52.78831547007,-50.46992865611,0.));
#3038 = CARTESIAN_POINT('',(-55.19250710171,-48.85777157008,0.));
#3039 = CARTESIAN_POINT('',(-57.52852809764,-47.1452009414,0.));
#3040 = CARTESIAN_POINT('',(-59.78880756595,-45.33222988887,0.));
#3041 = CARTESIAN_POINT('',(-61.96500260709,-43.41940034096,0.));
#3042 = CARTESIAN_POINT('',(-64.04812787118,-41.40794404104,0.));
#3043 = CARTESIAN_POINT('',(-67.62522982763,-37.60071443632,0.));
#3044 = CARTESIAN_POINT('',(-69.15505820646,-35.83881665245,0.));
#3045 = CARTESIAN_POINT('',(-70.61317228649,-34.01542479251,0.));
#3046 = CARTESIAN_POINT('',(-71.99426958507,-32.13219356409,0.));
#3047 = CARTESIAN_POINT('',(-73.29286076822,-30.19134868615,0.));
#3048 = CARTESIAN_POINT('',(-74.50341556858,-28.1957926707,0.));
#3049 = CARTESIAN_POINT('',(-76.24419096971,-25.00674815963,0.));
#3050 = CARTESIAN_POINT('',(-76.83871992787,-23.84836104855,0.));
#3051 = CARTESIAN_POINT('',(-77.40319823284,-22.67472850898,0.));
#3052 = CARTESIAN_POINT('',(-77.93670653727,-21.48657148464,0.));
#3053 = CARTESIAN_POINT('',(-78.4383564663,-20.28468668731,0.));
#3054 = CARTESIAN_POINT('',(-78.90730287425,-19.06995206081,0.));
#3055 = CARTESIAN_POINT('',(-80.21254797401,-15.39323211233,0.));
#3056 = CARTESIAN_POINT('',(-80.94883177075,-12.89537737037,0.));
#3057 = CARTESIAN_POINT('',(-81.54508741428,-10.35789586854,0.));
#3058 = CARTESIAN_POINT('',(-81.99612422453,-7.789637134016,0.));
#3059 = CARTESIAN_POINT('',(-82.29817347553,-5.200185813172,0.));
#3060 = CARTESIAN_POINT('',(-82.44916115236,-2.599903649839,0.));
#3061 = CARTESIAN_POINT('',(-82.44916115236,2.599903649815,0.));
#3062 = CARTESIAN_POINT('',(-82.29817347553,5.200185813165,0.));
#3063 = CARTESIAN_POINT('',(-81.99612422453,7.789637133988,0.));
#3064 = CARTESIAN_POINT('',(-81.54508741429,10.357895868521,0.));
#3065 = CARTESIAN_POINT('',(-80.94883177075,12.895377370364,0.));
#3066 = CARTESIAN_POINT('',(-80.21254797402,15.393232112311,0.));
#3067 = CARTESIAN_POINT('',(-78.90730287426,19.069952060792,0.));
#3068 = CARTESIAN_POINT('',(-78.43835646631,20.2846866873,0.));
#3069 = CARTESIAN_POINT('',(-77.93670653728,21.486571484627,0.));
#3070 = CARTESIAN_POINT('',(-77.40319823285,22.674728508963,0.));
#3071 = CARTESIAN_POINT('',(-76.83871992788,23.848361048534,0.));
#3072 = CARTESIAN_POINT('',(-76.24419096972,25.006748159614,0.));
#3073 = CARTESIAN_POINT('',(-74.50341556859,28.195792670695,0.));
#3074 = CARTESIAN_POINT('',(-73.29286076823,30.191348686131,0.));
#3075 = CARTESIAN_POINT('',(-71.99426958508,32.132193564081,0.));
#3076 = CARTESIAN_POINT('',(-70.6131722865,34.015424792499,0.));
#3077 = CARTESIAN_POINT('',(-69.15505820647,35.838816652438,0.));
#3078 = CARTESIAN_POINT('',(-67.62522982764,37.60071443631,0.));
#3079 = CARTESIAN_POINT('',(-64.04812787119,41.407944041033,0.));
#3080 = CARTESIAN_POINT('',(-61.9650026071,43.419400340951,0.));
#3081 = CARTESIAN_POINT('',(-59.78880756597,45.332229888856,0.));
#3082 = CARTESIAN_POINT('',(-57.52852809766,47.145200941389,0.));
#3083 = CARTESIAN_POINT('',(-55.19250710172,48.857771570083,0.));
#3084 = CARTESIAN_POINT('',(-52.78831547009,50.469928656105,0.));
#3085 = CARTESIAN_POINT('',(-49.45061124159,52.516821052359,0.));
#3086 = CARTESIAN_POINT('',(-48.5709099756,53.039079258899,0.));
#3087 = CARTESIAN_POINT('',(-47.68383478477,53.548828105754,0.));
#3088 = CARTESIAN_POINT('',(-46.78967984618,54.046083630501,0.));
#3089 = CARTESIAN_POINT('',(-45.88872992771,54.530865018533,0.));
#3090 = CARTESIAN_POINT('',(-44.98126038802,55.003194603056,0.));
#3091 = CARTESIAN_POINT('',(-43.59177755759,55.702561493059,0.));
#3092 = CARTESIAN_POINT('',(-43.11453852207,55.938546747611,0.));
#3093 = CARTESIAN_POINT('',(-42.63733691459,56.170321125137,0.));
#3094 = CARTESIAN_POINT('',(-42.16081304318,56.397668472425,0.));
#3095 = CARTESIAN_POINT('',(-41.68469943468,56.620826539576,0.));
#3096 = CARTESIAN_POINT('',(-41.20778959018,56.840424532915,0.));
#3097 = CARTESIAN_POINT('',(-40.2470633357,57.274851250652,0.));
#3098 = CARTESIAN_POINT('',(-39.76192716325,57.490261483461,0.));
#3099 = CARTESIAN_POINT('',(-39.27249923781,57.703586880803,0.));
#3100 = CARTESIAN_POINT('',(-38.77878261578,57.914762178298,0.));
#3101 = CARTESIAN_POINT('',(-38.2807823952,58.123721332707,0.));
#3102 = CARTESIAN_POINT('',(-37.77850571575,58.330397521938,0.));
#3103 = CARTESIAN_POINT('',(-35.86082149985,59.103937838763,0.));
#3104 = CARTESIAN_POINT('',(-34.43871617476,59.645974407382,0.));
#3105 = CARTESIAN_POINT('',(-33.00641052711,60.160932161214,0.));
#3106 = CARTESIAN_POINT('',(-31.56464036726,60.648908376864,0.));
#3107 = CARTESIAN_POINT('',(-30.11411257232,61.109998297236,0.));
#3108 = CARTESIAN_POINT('',(-28.65550508607,61.544295131526,0.));
#3109 = CARTESIAN_POINT('',(-23.40042233719,63.005337421574,0.));
#3110 = CARTESIAN_POINT('',(-19.56202004686,63.880336822624,0.));
#3111 = CARTESIAN_POINT('',(-15.68509290336,64.578585108503,0.));
#3112 = CARTESIAN_POINT('',(-11.77995325139,65.101277673941,0.));
#3113 = CARTESIAN_POINT('',(-7.856421173515,65.449287964872,0.));
#3114 = CARTESIAN_POINT('',(-3.923824951104,65.623143891185,0.));
#3115 = CARTESIAN_POINT('',(3.84528628505,65.622466922677,0.));
#3116 = CARTESIAN_POINT('',(7.681312750711,65.456385696659,0.));
#3117 = CARTESIAN_POINT('',(11.508904594189,65.124591472038,0.));
#3118 = CARTESIAN_POINT('',(15.319405250683,64.626606737733,0.));
#3119 = CARTESIAN_POINT('',(19.103725418353,63.961636413728,0.));
#3120 = CARTESIAN_POINT('',(22.852342559211,63.128586820676,0.));
#3121 = CARTESIAN_POINT('',(28.07976883292,61.713109162642,0.));
#3122 = CARTESIAN_POINT('',(29.596474614756,61.271569169325,0.));
#3123 = CARTESIAN_POINT('',(31.104676105386,60.801190174181,0.));
#3124 = CARTESIAN_POINT('',(32.603621368452,60.301868281322,0.));
#3125 = CARTESIAN_POINT('',(34.092525264118,59.773496307736,0.));
#3126 = CARTESIAN_POINT('',(35.570569803714,59.21596487366,0.));
#3127 = CARTESIAN_POINT('',(38.971455978715,57.854989803659,0.));
#3128 = CARTESIAN_POINT('',(40.885601790178,57.029879258877,0.));
#3129 = CARTESIAN_POINT('',(42.777405205076,56.153571810897,0.));
#3130 = CARTESIAN_POINT('',(44.644773795066,55.225825090136,0.));
#3131 = CARTESIAN_POINT('',(46.485464804034,54.246425326597,0.));
#3132 = CARTESIAN_POINT('',(48.297090514991,53.215198271334,0.));
#3133 = CARTESIAN_POINT('',(52.547005325782,50.629057867904,0.));
#3134 = CARTESIAN_POINT('',(54.955923031975,49.026158877653,0.));
#3135 = CARTESIAN_POINT('',(57.297242331696,47.322940985695,0.));
#3136 = CARTESIAN_POINT('',(59.563444043011,45.51939464606,0.));
#3137 = CARTESIAN_POINT('',(61.746239358537,43.616028848237,0.));
#3138 = CARTESIAN_POINT('',(63.836696522667,41.614029763233,0.));
#3139 = CARTESIAN_POINT('',(67.434200942622,37.817690070347,0.));
#3140 = CARTESIAN_POINT('',(68.976350264697,36.056798066737,0.));
#3141 = CARTESIAN_POINT('',(70.446790035854,34.23389472391,0.));
#3142 = CARTESIAN_POINT('',(71.840182752076,32.35061317224,0.));
#3143 = CARTESIAN_POINT('',(73.150995905734,30.409159162921,0.));
#3144 = CARTESIAN_POINT('',(74.373648253518,28.412418027951,0.));
#3145 = CARTESIAN_POINT('',(77.402733641044,22.917032109755,0.));
#3146 = CARTESIAN_POINT('',(79.038651328708,19.322117903016,0.));
#3147 = CARTESIAN_POINT('',(80.382558754908,15.599428049205,0.));
#3148 = CARTESIAN_POINT('',(81.410347552183,11.773578607706,0.));
#3149 = CARTESIAN_POINT('',(82.103156369091,7.874076646015,0.));
#3150 = CARTESIAN_POINT('',(82.449161329307,3.935750963411,0.));
#3151 = CARTESIAN_POINT('',(82.449160907827,1.42108547152E-14,0.));
#3152 = ORIENTED_EDGE('',*,*,#1932,.T.);
#3153 = FACE_BOUND('',#3154,.F.);
#3154 = EDGE_LOOP('',(#3155,#3156,#3157,#3158));
#3155 = ORIENTED_EDGE('',*,*,#2231,.T.);
#3156 = ORIENTED_EDGE('',*,*,#2301,.T.);
#3157 = ORIENTED_EDGE('',*,*,#2185,.T.);
#3158 = ORIENTED_EDGE('',*,*,#3159,.F.);
#3159 = EDGE_CURVE('',#2223,#2186,#3160,.T.);
#3160 = B_SPLINE_CURVE_WITH_KNOTS('',7,(#3161,#3162,#3163,#3164,#3165,
    #3166,#3167,#3168),.UNSPECIFIED.,.F.,.F.,(8,8),(0.,1.),
  .PIECEWISE_BEZIER_KNOTS.);
#3161 = CARTESIAN_POINT('',(37.,72.034587888582,90.));
#3162 = CARTESIAN_POINT('',(37.865601647563,71.752932747625,90.));
#3163 = CARTESIAN_POINT('',(38.728565305891,71.463170950948,90.));
#3164 = CARTESIAN_POINT('',(39.588777368023,71.165263798395,90.));
#3165 = CARTESIAN_POINT('',(40.446146860053,70.859243631129,90.));
#3166 = CARTESIAN_POINT('',(41.300541365812,70.545034100447,90.));
#3167 = CARTESIAN_POINT('',(42.151868303908,70.222675681374,90.));
#3168 = CARTESIAN_POINT('',(43.,69.892120796892,90.));
#3169 = FACE_BOUND('',#3170,.F.);
#3170 = EDGE_LOOP('',(#3171,#3172,#3173,#3174));
#3171 = ORIENTED_EDGE('',*,*,#2440,.T.);
#3172 = ORIENTED_EDGE('',*,*,#2524,.T.);
#3173 = ORIENTED_EDGE('',*,*,#2361,.T.);
#3174 = ORIENTED_EDGE('',*,*,#3175,.F.);
#3175 = EDGE_CURVE('',#2432,#2362,#3176,.T.);
#3176 = B_SPLINE_CURVE_WITH_KNOTS('',4,(#3177,#3178,#3179,#3180,#3181,
    #3182,#3183,#3184),.UNSPECIFIED.,.F.,.F.,(5,3,5),(0.,0.439310637571,
    1.),.UNSPECIFIED.);
#3177 = CARTESIAN_POINT('',(-43.,69.892120796892,90.));
#3178 = CARTESIAN_POINT('',(-42.34796412955,70.146248978872,90.));
#3179 = CARTESIAN_POINT('',(-41.69376891171,70.394842060461,90.));
#3180 = CARTESIAN_POINT('',(-41.03750632026,70.637921424302,90.));
#3181 = CARTESIAN_POINT('',(-39.53913039449,71.178700708201,90.));
#3182 = CARTESIAN_POINT('',(-38.69576841644,71.472939325267,90.));
#3183 = CARTESIAN_POINT('',(-37.8493359609,71.758224833048,90.));
#3184 = CARTESIAN_POINT('',(-37.,72.034587888582,90.));
#3185 = FACE_BOUND('',#3186,.F.);
#3186 = EDGE_LOOP('',(#3187,#3188,#3189,#3200));
#3187 = ORIENTED_EDGE('',*,*,#1995,.T.);
#3188 = ORIENTED_EDGE('',*,*,#2026,.T.);
#3189 = ORIENTED_EDGE('',*,*,#3190,.F.);
#3190 = EDGE_CURVE('',#2111,#2027,#3191,.T.);
#3191 = B_SPLINE_CURVE_WITH_KNOTS('',4,(#3192,#3193,#3194,#3195,#3196,
    #3197,#3198,#3199),.UNSPECIFIED.,.F.,.F.,(5,3,5),(0.,0.479107373679,
    1.),.UNSPECIFIED.);
#3192 = CARTESIAN_POINT('',(-37.,-72.03458788858,90.));
#3193 = CARTESIAN_POINT('',(-37.72575497775,-71.7984365039,90.));
#3194 = CARTESIAN_POINT('',(-38.44939029567,-71.55577075473,90.));
#3195 = CARTESIAN_POINT('',(-39.17080061431,-71.30656965446,90.));
#3196 = CARTESIAN_POINT('',(-40.67167904189,-70.77277255349,90.));
#3197 = CARTESIAN_POINT('',(-41.45072107575,-70.48698210987,90.));
#3198 = CARTESIAN_POINT('',(-42.22687797238,-70.19344178892,90.));
#3199 = CARTESIAN_POINT('',(-43.,-69.89212079689,90.));
#3200 = ORIENTED_EDGE('',*,*,#2119,.T.);
#3201 = FACE_BOUND('',#3202,.F.);
#3202 = EDGE_LOOP('',(#3203,#3204,#3205,#3216));
#3203 = ORIENTED_EDGE('',*,*,#2566,.T.);
#3204 = ORIENTED_EDGE('',*,*,#2585,.T.);
#3205 = ORIENTED_EDGE('',*,*,#3206,.F.);
#3206 = EDGE_CURVE('',#2705,#2586,#3207,.T.);
#3207 = B_SPLINE_CURVE_WITH_KNOTS('',7,(#3208,#3209,#3210,#3211,#3212,
    #3213,#3214,#3215),.UNSPECIFIED.,.F.,.F.,(8,8),(0.,1.),
  .PIECEWISE_BEZIER_KNOTS.);
#3208 = CARTESIAN_POINT('',(43.,-69.89212079689,90.));
#3209 = CARTESIAN_POINT('',(42.151868303908,-70.22267568137,90.));
#3210 = CARTESIAN_POINT('',(41.300541365812,-70.54503410044,90.));
#3211 = CARTESIAN_POINT('',(40.446146860053,-70.85924363112,90.));
#3212 = CARTESIAN_POINT('',(39.588777368024,-71.16526379839,90.));
#3213 = CARTESIAN_POINT('',(38.72856530589,-71.46317095094,90.));
#3214 = CARTESIAN_POINT('',(37.865601647563,-71.75293274762,90.));
#3215 = CARTESIAN_POINT('',(37.,-72.03458788858,90.));
#3216 = ORIENTED_EDGE('',*,*,#2713,.T.);
#3217 = ( BOUNDED_SURFACE() B_SPLINE_SURFACE(2,2,(
    (#3218,#3219,#3220,#3221,#3222)
    ,(#3223,#3224,#3225,#3226,#3227)
    ,(#3228,#3229,#3230,#3231,#3232)
    ,(#3233,#3234,#3235,#3236,#3237)
    ,(#3238,#3239,#3240,#3241,#3242)
    ,(#3243,#3244,#3245,#3246,#3247)
    ,(#3248,#3249,#3250,#3251,#3252
)),.UNSPECIFIED.,.T.,.F.,.F.) B_SPLINE_SURFACE_WITH_KNOTS((1,2,2,2,2,1),
  (3,2,3),(-2.094395102393,0.,2.094395102393,4.188790204786,
    6.28318530718,8.377580409573),(-1.570796326795,0.,1.570796326795),
.UNSPECIFIED.) GEOMETRIC_REPRESENTATION_ITEM() RATIONAL_B_SPLINE_SURFACE
((
    (1.,0.707106781187,1.,0.707106781187,1.)
    ,(0.5,0.353553390593,0.5,0.353553390593,0.5)
    ,(1.,0.707106781187,1.,0.707106781187,1.)
    ,(0.5,0.353553390593,0.5,0.353553390593,0.5)
    ,(1.,0.707106781187,1.,0.707106781187,1.)
    ,(0.5,0.353553390593,0.5,0.353553390593,0.5)
,(1.,0.707106781187,1.,0.707106781187,1.
))) REPRESENTATION_ITEM('') SURFACE() );
#3218 = CARTESIAN_POINT('',(6.000769315822E-15,0.,-68.));
#3219 = CARTESIAN_POINT('',(98.,0.,-68.));
#3220 = CARTESIAN_POINT('',(98.,0.,80.));
#3221 = CARTESIAN_POINT('',(98.,0.,228.));
#3222 = CARTESIAN_POINT('',(6.000769315822E-15,0.,228.));
#3223 = CARTESIAN_POINT('',(6.000769315822E-15,8.272486862054E-15,-68.)
  );
#3224 = CARTESIAN_POINT('',(98.,135.09996299037,-68.));
#3225 = CARTESIAN_POINT('',(98.,135.09996299037,80.));
#3226 = CARTESIAN_POINT('',(98.,135.09996299037,228.));
#3227 = CARTESIAN_POINT('',(6.000769315822E-15,8.272486862054E-15,228.)
  );
#3228 = CARTESIAN_POINT('',(-3.000384657911E-15,4.136243431027E-15,-68.)
  );
#3229 = CARTESIAN_POINT('',(-49.,67.549981495186,-68.));
#3230 = CARTESIAN_POINT('',(-49.,67.549981495186,80.));
#3231 = CARTESIAN_POINT('',(-49.,67.549981495186,228.));
#3232 = CARTESIAN_POINT('',(-3.000384657911E-15,4.136243431027E-15,228.)
  );
#3233 = CARTESIAN_POINT('',(-1.200153863164E-14,1.169812630476E-30,-68.)
  );
#3234 = CARTESIAN_POINT('',(-196.,1.91044900667E-14,-68.));
#3235 = CARTESIAN_POINT('',(-196.,1.91044900667E-14,80.));
#3236 = CARTESIAN_POINT('',(-196.,1.91044900667E-14,228.));
#3237 = CARTESIAN_POINT('',(-1.200153863164E-14,1.169812630476E-30,228.)
  );
#3238 = CARTESIAN_POINT('',(-3.000384657911E-15,-4.136243431027E-15,-68.
    ));
#3239 = CARTESIAN_POINT('',(-49.,-67.54998149518,-68.));
#3240 = CARTESIAN_POINT('',(-49.,-67.54998149518,80.));
#3241 = CARTESIAN_POINT('',(-49.,-67.54998149518,228.));
#3242 = CARTESIAN_POINT('',(-3.000384657911E-15,-4.136243431027E-15,228.
    ));
#3243 = CARTESIAN_POINT('',(6.000769315822E-15,-8.272486862054E-15,-68.)
  );
#3244 = CARTESIAN_POINT('',(98.,-135.0999629903,-68.));
#3245 = CARTESIAN_POINT('',(98.,-135.0999629903,80.));
#3246 = CARTESIAN_POINT('',(98.,-135.0999629903,228.));
#3247 = CARTESIAN_POINT('',(6.000769315822E-15,-8.272486862054E-15,228.)
  );
#3248 = CARTESIAN_POINT('',(6.000769315822E-15,0.,-68.));
#3249 = CARTESIAN_POINT('',(98.,0.,-68.));
#3250 = CARTESIAN_POINT('',(98.,0.,80.));
#3251 = CARTESIAN_POINT('',(98.,0.,228.));
#3252 = CARTESIAN_POINT('',(6.000769315822E-15,0.,228.));
#3253 = ADVANCED_FACE('',(#3254),#3261,.T.);
#3254 = FACE_BOUND('',#3255,.T.);
#3255 = EDGE_LOOP('',(#3256,#3257,#3258,#3259,#3260));
#3256 = ORIENTED_EDGE('',*,*,#2770,.F.);
#3257 = ORIENTED_EDGE('',*,*,#1704,.T.);
#3258 = ORIENTED_EDGE('',*,*,#2968,.F.);
#3259 = ORIENTED_EDGE('',*,*,#1923,.T.);
#3260 = ORIENTED_EDGE('',*,*,#1945,.T.);
#3261 = PLANE('',#3262);
#3262 = AXIS2_PLACEMENT_3D('',#3263,#3264,#3265);
#3263 = CARTESIAN_POINT('',(-100.,-100.,0.));
#3264 = DIRECTION('',(0.,0.,1.));
#3265 = DIRECTION('',(1.,0.,0.));
#3266 = ADVANCED_FACE('',(#3267),#3654,.F.);
#3267 = FACE_BOUND('',#3268,.F.);
#3268 = EDGE_LOOP('',(#3269,#3279,#3280,#3465,#3466,#3467,#3652,#3653));
#3269 = ORIENTED_EDGE('',*,*,#3270,.T.);
#3270 = EDGE_CURVE('',#3271,#1714,#3273,.T.);
#3271 = VERTEX_POINT('',#3272);
#3272 = CARTESIAN_POINT('',(6.000769315822E-15,-1.169812630476E-30,-68.)
  );
#3273 = ( BOUNDED_CURVE() B_SPLINE_CURVE(2,(#3274,#3275,#3276,#3277,
#3278),.UNSPECIFIED.,.F.,.F.) B_SPLINE_CURVE_WITH_KNOTS((3,2,3),(
    4.712388980385,6.28318530718,7.853981633974),
.PIECEWISE_BEZIER_KNOTS.) CURVE() GEOMETRIC_REPRESENTATION_ITEM() 
RATIONAL_B_SPLINE_CURVE((1.,0.707106781187,1.,0.707106781187,1.)) 
REPRESENTATION_ITEM('') );
#3274 = CARTESIAN_POINT('',(-1.800230794747E-14,3.509437891429E-30,-68.)
  );
#3275 = CARTESIAN_POINT('',(98.,-1.91044900667E-14,-68.));
#3276 = CARTESIAN_POINT('',(98.,-1.91044900667E-14,80.));
#3277 = CARTESIAN_POINT('',(98.,-1.91044900667E-14,228.));
#3278 = CARTESIAN_POINT('',(3.000384657911E-14,-5.849063152381E-30,228.)
  );
#3279 = ORIENTED_EDGE('',*,*,#1713,.T.);
#3280 = ORIENTED_EDGE('',*,*,#3281,.T.);
#3281 = EDGE_CURVE('',#1716,#1954,#3282,.T.);
#3282 = B_SPLINE_CURVE_WITH_KNOTS('',7,(#3283,#3284,#3285,#3286,#3287,
    #3288,#3289,#3290,#3291,#3292,#3293,#3294,#3295,#3296,#3297,#3298,
    #3299,#3300,#3301,#3302,#3303,#3304,#3305,#3306,#3307,#3308,#3309,
    #3310,#3311,#3312,#3313,#3314,#3315,#3316,#3317,#3318,#3319,#3320,
    #3321,#3322,#3323,#3324,#3325,#3326,#3327,#3328,#3329,#3330,#3331,
    #3332,#3333,#3334,#3335,#3336,#3337,#3338,#3339,#3340,#3341,#3342,
    #3343,#3344,#3345,#3346,#3347,#3348,#3349,#3350,#3351,#3352,#3353,
    #3354,#3355,#3356,#3357,#3358,#3359,#3360,#3361,#3362,#3363,#3364,
    #3365,#3366,#3367,#3368,#3369,#3370,#3371,#3372,#3373,#3374,#3375,
    #3376,#3377,#3378,#3379,#3380,#3381,#3382,#3383,#3384,#3385,#3386,
    #3387,#3388,#3389,#3390,#3391,#3392,#3393,#3394,#3395,#3396,#3397,
    #3398,#3399,#3400,#3401,#3402,#3403,#3404,#3405,#3406,#3407,#3408,
    #3409,#3410,#3411,#3412,#3413,#3414,#3415,#3416,#3417,#3418,#3419,
    #3420,#3421,#3422,#3423,#3424,#3425,#3426,#3427,#3428,#3429,#3430,
    #3431,#3432,#3433,#3434,#3435,#3436,#3437,#3438,#3439,#3440,#3441,
    #3442,#3443,#3444,#3445,#3446,#3447,#3448,#3449,#3450,#3451,#3452,
    #3453,#3454,#3455,#3456,#3457,#3458,#3459,#3460,#3461,#3462,#3463,
    #3464),.UNSPECIFIED.,.T.,.F.,(8,6,6,6,6,6,6,6,6,6,6,6,6,6,6,6,6,6,6,
    6,6,6,6,6,6,6,6,6,6,6,8),(0.,5.825406763567E-02,9.286992360605E-02,
    0.135658864674,0.166496630414,0.18987073312,0.246645642118,
    0.304850138519,0.32737034453,0.334556031436,0.339945296617,
    0.359185738824,0.403389186663,0.439021451233,0.458913204691,
    0.498645804179,0.538378403668,0.558270157126,0.593902421695,
    0.638105869535,0.653739075756,0.661871686982,0.670020025476,
    0.692719751124,0.751388224186,0.808615713902,0.832176143074,
    0.863259731808,0.906389764566,0.941281560546,1.),.UNSPECIFIED.);
#3283 = CARTESIAN_POINT('',(77.797713945243,5.684341886081E-14,-10.));
#3284 = CARTESIAN_POINT('',(77.797714342848,-3.713696118601,-10.));
#3285 = CARTESIAN_POINT('',(77.471232348292,-7.429828017558,-10.));
#3286 = CARTESIAN_POINT('',(76.817512533105,-11.10933250726,-10.));
#3287 = CARTESIAN_POINT('',(75.847709940721,-14.71934490425,-10.));
#3288 = CARTESIAN_POINT('',(74.579620562009,-18.23202185644,-10.));
#3289 = CARTESIAN_POINT('',(73.035991833192,-21.62413491437,-10.));
#3290 = CARTESIAN_POINT('',(70.177790455041,-26.80950197944,-10.));
#3291 = CARTESIAN_POINT('',(69.024116376484,-28.69359352866,-10.));
#3292 = CARTESIAN_POINT('',(67.787254689576,-30.52551805046,-10.));
#3293 = CARTESIAN_POINT('',(66.472471666372,-32.30255282183,-10.));
#3294 = CARTESIAN_POINT('',(65.084987628164,-34.02261637182,-10.));
#3295 = CARTESIAN_POINT('',(63.629838926486,-35.68416755458,-10.));
#3296 = CARTESIAN_POINT('',(60.235291192419,-39.26633307768,-10.));
#3297 = CARTESIAN_POINT('',(58.262770474474,-41.15538648765,-10.));
#3298 = CARTESIAN_POINT('',(56.203120277991,-42.95137188643,-10.));
#3299 = CARTESIAN_POINT('',(54.0647684462,-44.65316981692,-10.));
#3300 = CARTESIAN_POINT('',(51.855536178489,-46.26029983244,-10.));
#3301 = CARTESIAN_POINT('',(49.582518495624,-47.77277079148,-10.));
#3302 = CARTESIAN_POINT('',(45.57236532476,-50.21301244363,-10.));
#3303 = CARTESIAN_POINT('',(43.862944552095,-51.18606167732,-10.));
#3304 = CARTESIAN_POINT('',(42.126098013602,-52.11020764534,-10.));
#3305 = CARTESIAN_POINT('',(40.364078738399,-52.98561472767,-10.));
#3306 = CARTESIAN_POINT('',(38.579002975688,-53.81248460213,-10.));
#3307 = CARTESIAN_POINT('',(36.772845130699,-54.59104593791,-10.));
#3308 = CARTESIAN_POINT('',(33.563822877455,-55.87524071786,-10.));
#3309 = CARTESIAN_POINT('',(32.169163521059,-56.40131795309,-10.));
#3310 = CARTESIAN_POINT('',(30.764257578425,-56.89988137503,-10.));
#3311 = CARTESIAN_POINT('',(29.349876834127,-57.37103397848,-10.));
#3312 = CARTESIAN_POINT('',(27.926761910343,-57.81487617276,-10.));
#3313 = CARTESIAN_POINT('',(26.495622266851,-58.23150578178,-10.));
#3314 = CARTESIAN_POINT('',(21.563105460272,-59.56712840703,-10.));
#3315 = CARTESIAN_POINT('',(18.025969302441,-60.35318086592,-10.));
#3316 = CARTESIAN_POINT('',(14.455144443664,-60.98063629976,-10.));
#3317 = CARTESIAN_POINT('',(10.859616381532,-61.45052668283,-10.));
#3318 = CARTESIAN_POINT('',(7.247961823057,-61.76360227566,-10.));
#3319 = CARTESIAN_POINT('',(3.628349166503,-61.92031372825,-10.));
#3320 = CARTESIAN_POINT('',(-3.70246298275,-61.92095250506,-10.));
#3321 = CARTESIAN_POINT('',(-7.413201461073,-61.75690444361,-10.));
#3322 = CARTESIAN_POINT('',(-11.11538592759,-61.42852686602,-10.));
#3323 = CARTESIAN_POINT('',(-14.80021407246,-60.93532186553,-10.));
#3324 = CARTESIAN_POINT('',(-18.45841951979,-60.27646556478,-10.));
#3325 = CARTESIAN_POINT('',(-22.08027137829,-59.45083041553,-10.));
#3326 = CARTESIAN_POINT('',(-27.03887917741,-58.07221545504,-10.));
#3327 = CARTESIAN_POINT('',(-28.41519890166,-57.66241956764,-10.));
#3328 = CARTESIAN_POINT('',(-29.78389432056,-57.22734224632,-10.));
#3329 = CARTESIAN_POINT('',(-31.14432571179,-56.7668955791,-10.));
#3330 = CARTESIAN_POINT('',(-32.49582605187,-56.2809897407,-10.));
#3331 = CARTESIAN_POINT('',(-33.83770101615,-55.76953299243,-10.));
#3332 = CARTESIAN_POINT('',(-35.59408835286,-55.06105532221,-10.));
#3333 = CARTESIAN_POINT('',(-36.01576628106,-54.88792651034,-10.));
#3334 = CARTESIAN_POINT('',(-36.43425666371,-54.71309003794,-10.));
#3335 = CARTESIAN_POINT('',(-36.84955461199,-54.53659024208,-10.));
#3336 = CARTESIAN_POINT('',(-37.26165644801,-54.35847100568,-10.));
#3337 = CARTESIAN_POINT('',(-37.6705597048,-54.17877575742,-10.));
#3338 = CARTESIAN_POINT('',(-38.38115617536,-53.86134158277,-10.));
#3339 = CARTESIAN_POINT('',(-38.68268075493,-53.72499437046,-10.));
#3340 = CARTESIAN_POINT('',(-38.98264912539,-53.5877004948,-10.));
#3341 = CARTESIAN_POINT('',(-39.28227801847,-53.44891077506,-10.));
#3342 = CARTESIAN_POINT('',(-39.58218863725,-53.30833218981,-10.));
#3343 = CARTESIAN_POINT('',(-39.88240665621,-53.16592787701,-10.));
#3344 = CARTESIAN_POINT('',(-41.25328478858,-52.50778450462,-10.));
#3345 = CARTESIAN_POINT('',(-42.31570160902,-51.97593296647,-10.));
#3346 = CARTESIAN_POINT('',(-43.36915994294,-51.42631527771,-10.));
#3347 = CARTESIAN_POINT('',(-44.41318622436,-50.85888892302,-10.));
#3348 = CARTESIAN_POINT('',(-45.44728660916,-50.2736171267,-10.));
#3349 = CARTESIAN_POINT('',(-46.47094752324,-49.67046986574,-10.));
#3350 = CARTESIAN_POINT('',(-49.81021123789,-47.62262124141,-10.));
#3351 = CARTESIAN_POINT('',(-52.07876724649,-46.10141625705,-10.));
#3352 = CARTESIAN_POINT('',(-54.28299920879,-44.48546228708,-10.));
#3353 = CARTESIAN_POINT('',(-56.4157631859,-42.77477169727,-10.));
#3354 = CARTESIAN_POINT('',(-58.46918680251,-40.96985584447,-10.));
#3355 = CARTESIAN_POINT('',(-60.43479149067,-39.07187699944,-10.));
#3356 = CARTESIAN_POINT('',(-63.81008860032,-35.47943506264,-10.));
#3357 = CARTESIAN_POINT('',(-65.2536101569,-33.816936569,-10.));
#3358 = CARTESIAN_POINT('',(-66.62946335635,-32.09641313281,-10.));
#3359 = CARTESIAN_POINT('',(-67.93264481879,-30.3194261272,-10.));
#3360 = CARTESIAN_POINT('',(-69.15797486307,-28.4880757247,-10.));
#3361 = CARTESIAN_POINT('',(-70.30023519187,-26.60510071022,-10.));
#3362 = CARTESIAN_POINT('',(-71.94280321738,-23.59596895066,-10.));
#3363 = CARTESIAN_POINT('',(-72.50379126488,-22.50293333966,-10.));
#3364 = CARTESIAN_POINT('',(-73.03642399728,-21.3955123807,-10.));
#3365 = CARTESIAN_POINT('',(-73.53983393125,-20.27438634761,-10.));
#3366 = CARTESIAN_POINT('',(-74.01318280931,-19.14030700741,-10.));
#3367 = CARTESIAN_POINT('',(-74.45567316494,-17.99410277592,-10.));
#3368 = CARTESIAN_POINT('',(-75.68728165667,-14.52480837978,-10.));
#3369 = CARTESIAN_POINT('',(-76.38202731797,-12.16787241895,-10.));
#3370 = CARTESIAN_POINT('',(-76.94464463534,-9.773545301392,-10.));
#3371 = CARTESIAN_POINT('',(-77.37023576905,-7.350177303263,-10.));
#3372 = CARTESIAN_POINT('',(-77.65524461593,-4.906812345807,-10.));
#3373 = CARTESIAN_POINT('',(-77.79771417597,-2.453227597649,-10.));
#3374 = CARTESIAN_POINT('',(-77.79771417597,2.45322759763,-10.));
#3375 = CARTESIAN_POINT('',(-77.65524461593,4.906812345791,-10.));
#3376 = CARTESIAN_POINT('',(-77.37023576905,7.350177303242,-10.));
#3377 = CARTESIAN_POINT('',(-76.94464463535,9.773545301372,-10.));
#3378 = CARTESIAN_POINT('',(-76.38202731797,12.167872418945,-10.));
#3379 = CARTESIAN_POINT('',(-75.68728165668,14.524808379767,-10.));
#3380 = CARTESIAN_POINT('',(-74.45567316495,17.994102775908,-10.));
#3381 = CARTESIAN_POINT('',(-74.01318280932,19.140307007396,-10.));
#3382 = CARTESIAN_POINT('',(-73.53983393126,20.274386347592,-10.));
#3383 = CARTESIAN_POINT('',(-73.03642399728,21.395512380688,-10.));
#3384 = CARTESIAN_POINT('',(-72.50379126489,22.502933339649,-10.));
#3385 = CARTESIAN_POINT('',(-71.94280321739,23.595968950646,-10.));
#3386 = CARTESIAN_POINT('',(-70.30023519188,26.605100710215,-10.));
#3387 = CARTESIAN_POINT('',(-69.15797486308,28.488075724688,-10.));
#3388 = CARTESIAN_POINT('',(-67.9326448188,30.319426127192,-10.));
#3389 = CARTESIAN_POINT('',(-66.62946335636,32.096413132796,-10.));
#3390 = CARTESIAN_POINT('',(-65.25361015691,33.81693656899,-10.));
#3391 = CARTESIAN_POINT('',(-63.81008860033,35.47943506263,-10.));
#3392 = CARTESIAN_POINT('',(-60.43479149068,39.07187699943,-10.));
#3393 = CARTESIAN_POINT('',(-58.46918680252,40.969855844459,-10.));
#3394 = CARTESIAN_POINT('',(-56.41576318591,42.774771697267,-10.));
#3395 = CARTESIAN_POINT('',(-54.2829992088,44.485462287072,-10.));
#3396 = CARTESIAN_POINT('',(-52.0787672465,46.101416257047,-10.));
#3397 = CARTESIAN_POINT('',(-49.81021123791,47.622621241408,-10.));
#3398 = CARTESIAN_POINT('',(-46.66080817211,49.554035395186,-10.));
#3399 = CARTESIAN_POINT('',(-45.83073584848,50.04683004326,-10.));
#3400 = CARTESIAN_POINT('',(-44.99370570825,50.527820991147,-10.));
#3401 = CARTESIAN_POINT('',(-44.1499953418,50.997023373455,-10.));
#3402 = CARTESIAN_POINT('',(-43.29987346142,51.454455295363,-10.));
#3403 = CARTESIAN_POINT('',(-42.44359990135,51.900137832632,-10.));
#3404 = CARTESIAN_POINT('',(-41.1325064003,52.560049105651,-10.));
#3405 = CARTESIAN_POINT('',(-40.68219130345,52.782721006547,-10.));
#3406 = CARTESIAN_POINT('',(-40.23191146847,53.001419616791,-10.));
#3407 = CARTESIAN_POINT('',(-39.78227109979,53.215940968375,-10.));
#3408 = CARTESIAN_POINT('',(-39.33301788359,53.426509365658,-10.));
#3409 = CARTESIAN_POINT('',(-38.88301340642,53.63371850825,-10.));
#3410 = CARTESIAN_POINT('',(-37.97648740207,54.043636645811,-10.));
#3411 = CARTESIAN_POINT('',(-37.51872064309,54.246894307726,-10.));
#3412 = CARTESIAN_POINT('',(-37.05690425441,54.448184752128,-10.));
#3413 = CARTESIAN_POINT('',(-36.59104111999,54.647446396587,-10.));
#3414 = CARTESIAN_POINT('',(-36.12113605027,54.844616923757,-10.));
#3415 = CARTESIAN_POINT('',(-35.64719578212,55.039633281377,-10.));
#3416 = CARTESIAN_POINT('',(-33.83770101617,55.769532992426,-10.));
#3417 = CARTESIAN_POINT('',(-32.49582605188,56.280989740695,-10.));
#3418 = CARTESIAN_POINT('',(-31.1443257118,56.766895579103,-10.));
#3419 = CARTESIAN_POINT('',(-29.78389432058,57.227342246315,-10.));
#3420 = CARTESIAN_POINT('',(-28.41519890168,57.662419567642,-10.));
#3421 = CARTESIAN_POINT('',(-27.03887917742,58.072215455038,-10.));
#3422 = CARTESIAN_POINT('',(-22.0802713783,59.45083041553,-10.));
#3423 = CARTESIAN_POINT('',(-18.45841951981,60.276465564781,-10.));
#3424 = CARTESIAN_POINT('',(-14.80021407248,60.935321865526,-10.));
#3425 = CARTESIAN_POINT('',(-11.11538592761,61.428526866021,-10.));
#3426 = CARTESIAN_POINT('',(-7.413201461088,61.756904443619,-10.));
#3427 = CARTESIAN_POINT('',(-3.702462982769,61.920952505064,-10.));
#3428 = CARTESIAN_POINT('',(3.628349166489,61.920313728262,-10.));
#3429 = CARTESIAN_POINT('',(7.247961823031,61.763602275659,-10.));
#3430 = CARTESIAN_POINT('',(10.859616381524,61.450526682843,-10.));
#3431 = CARTESIAN_POINT('',(14.455144443653,60.98063629977,-10.));
#3432 = CARTESIAN_POINT('',(18.025969302412,60.353180865918,-10.));
#3433 = CARTESIAN_POINT('',(21.563105460262,59.567128407037,-10.));
#3434 = CARTESIAN_POINT('',(26.495622266836,58.231505781789,-10.));
#3435 = CARTESIAN_POINT('',(27.926761910328,57.814876172766,-10.));
#3436 = CARTESIAN_POINT('',(29.349876834112,57.371033978484,-10.));
#3437 = CARTESIAN_POINT('',(30.76425757841,56.899881375044,-10.));
#3438 = CARTESIAN_POINT('',(32.169163521044,56.401317953102,-10.));
#3439 = CARTESIAN_POINT('',(33.56382287744,55.875240717869,-10.));
#3440 = CARTESIAN_POINT('',(36.772845130685,54.591045937922,-10.));
#3441 = CARTESIAN_POINT('',(38.579002975674,53.812484602139,-10.));
#3442 = CARTESIAN_POINT('',(40.364078738386,52.985614727682,-10.));
#3443 = CARTESIAN_POINT('',(42.126098013589,52.110207645354,-10.));
#3444 = CARTESIAN_POINT('',(43.862944552082,51.186061677329,-10.));
#3445 = CARTESIAN_POINT('',(45.572365324748,50.213012443643,-10.));
#3446 = CARTESIAN_POINT('',(49.582518495615,47.772770791496,-10.));
#3447 = CARTESIAN_POINT('',(51.855536178478,46.260299832448,-10.));
#3448 = CARTESIAN_POINT('',(54.064768446187,44.653169816932,-10.));
#3449 = CARTESIAN_POINT('',(56.203120277982,42.951371886442,-10.));
#3450 = CARTESIAN_POINT('',(58.262770474467,41.155386487656,-10.));
#3451 = CARTESIAN_POINT('',(60.235291192409,39.266333077692,-10.));
#3452 = CARTESIAN_POINT('',(63.629838926488,35.684167554588,-10.));
#3453 = CARTESIAN_POINT('',(65.084987628136,34.022616371843,-10.));
#3454 = CARTESIAN_POINT('',(66.472471666377,32.302552821833,-10.));
#3455 = CARTESIAN_POINT('',(67.787254689582,30.525518050472,-10.));
#3456 = CARTESIAN_POINT('',(69.024116376459,28.693593528688,-10.));
#3457 = CARTESIAN_POINT('',(70.177790455044,26.809501979444,-10.));
#3458 = CARTESIAN_POINT('',(73.035991833174,21.624134914363,-10.));
#3459 = CARTESIAN_POINT('',(74.57962056206,18.232021856523,-10.));
#3460 = CARTESIAN_POINT('',(75.847709940632,14.719344904134,-10.));
#3461 = CARTESIAN_POINT('',(76.817512533189,11.109332507393,-10.));
#3462 = CARTESIAN_POINT('',(77.471232348244,7.429828017492,-10.));
#3463 = CARTESIAN_POINT('',(77.797714342861,3.71369611862,-10.));
#3464 = CARTESIAN_POINT('',(77.797713945243,0.,-10.));
#3465 = ORIENTED_EDGE('',*,*,#1962,.T.);
#3466 = ORIENTED_EDGE('',*,*,#1891,.T.);
#3467 = ORIENTED_EDGE('',*,*,#3468,.T.);
#3468 = EDGE_CURVE('',#1892,#1729,#3469,.T.);
#3469 = B_SPLINE_CURVE_WITH_KNOTS('',7,(#3470,#3471,#3472,#3473,#3474,
    #3475,#3476,#3477,#3478,#3479,#3480,#3481,#3482,#3483,#3484,#3485,
    #3486,#3487,#3488,#3489,#3490,#3491,#3492,#3493,#3494,#3495,#3496,
    #3497,#3498,#3499,#3500,#3501,#3502,#3503,#3504,#3505,#3506,#3507,
    #3508,#3509,#3510,#3511,#3512,#3513,#3514,#3515,#3516,#3517,#3518,
    #3519,#3520,#3521,#3522,#3523,#3524,#3525,#3526,#3527,#3528,#3529,
    #3530,#3531,#3532,#3533,#3534,#3535,#3536,#3537,#3538,#3539,#3540,
    #3541,#3542,#3543,#3544,#3545,#3546,#3547,#3548,#3549,#3550,#3551,
    #3552,#3553,#3554,#3555,#3556,#3557,#3558,#3559,#3560,#3561,#3562,
    #3563,#3564,#3565,#3566,#3567,#3568,#3569,#3570,#3571,#3572,#3573,
    #3574,#3575,#3576,#3577,#3578,#3579,#3580,#3581,#3582,#3583,#3584,
    #3585,#3586,#3587,#3588,#3589,#3590,#3591,#3592,#3593,#3594,#3595,
    #3596,#3597,#3598,#3599,#3600,#3601,#3602,#3603,#3604,#3605,#3606,
    #3607,#3608,#3609,#3610,#3611,#3612,#3613,#3614,#3615,#3616,#3617,
    #3618,#3619,#3620,#3621,#3622,#3623,#3624,#3625,#3626,#3627,#3628,
    #3629,#3630,#3631,#3632,#3633,#3634,#3635,#3636,#3637,#3638,#3639,
    #3640,#3641,#3642,#3643,#3644,#3645,#3646,#3647,#3648,#3649,#3650,
    #3651),.UNSPECIFIED.,.T.,.F.,(8,6,6,6,6,6,6,6,6,6,6,6,6,6,6,6,6,6,6,
    6,6,6,6,6,6,6,6,6,6,6,8),(0.,5.825406763567E-02,9.286992360605E-02,
    0.135658864674,0.166496630414,0.18987073312,0.246645642118,
    0.304850138519,0.32737034453,0.334556031436,0.339945296617,
    0.359185738824,0.403389186663,0.439021451233,0.458913204691,
    0.498645804179,0.538378403668,0.558270157126,0.593902421695,
    0.638105869535,0.653739075756,0.661871686982,0.670020025476,
    0.692719751124,0.751388224186,0.808615713902,0.832176143074,
    0.863259731808,0.906389764566,0.941281560546,1.),.UNSPECIFIED.);
#3470 = CARTESIAN_POINT('',(77.797713945243,5.684341886081E-14,-10.));
#3471 = CARTESIAN_POINT('',(77.797714342848,-3.713696118601,-10.));
#3472 = CARTESIAN_POINT('',(77.471232348292,-7.429828017558,-10.));
#3473 = CARTESIAN_POINT('',(76.817512533105,-11.10933250726,-10.));
#3474 = CARTESIAN_POINT('',(75.847709940721,-14.71934490425,-10.));
#3475 = CARTESIAN_POINT('',(74.579620562009,-18.23202185644,-10.));
#3476 = CARTESIAN_POINT('',(73.035991833192,-21.62413491437,-10.));
#3477 = CARTESIAN_POINT('',(70.177790455041,-26.80950197944,-10.));
#3478 = CARTESIAN_POINT('',(69.024116376484,-28.69359352866,-10.));
#3479 = CARTESIAN_POINT('',(67.787254689576,-30.52551805046,-10.));
#3480 = CARTESIAN_POINT('',(66.472471666372,-32.30255282183,-10.));
#3481 = CARTESIAN_POINT('',(65.084987628164,-34.02261637182,-10.));
#3482 = CARTESIAN_POINT('',(63.629838926486,-35.68416755458,-10.));
#3483 = CARTESIAN_POINT('',(60.235291192419,-39.26633307768,-10.));
#3484 = CARTESIAN_POINT('',(58.262770474474,-41.15538648765,-10.));
#3485 = CARTESIAN_POINT('',(56.203120277991,-42.95137188643,-10.));
#3486 = CARTESIAN_POINT('',(54.0647684462,-44.65316981692,-10.));
#3487 = CARTESIAN_POINT('',(51.855536178489,-46.26029983244,-10.));
#3488 = CARTESIAN_POINT('',(49.582518495624,-47.77277079148,-10.));
#3489 = CARTESIAN_POINT('',(45.57236532476,-50.21301244363,-10.));
#3490 = CARTESIAN_POINT('',(43.862944552095,-51.18606167732,-10.));
#3491 = CARTESIAN_POINT('',(42.126098013602,-52.11020764534,-10.));
#3492 = CARTESIAN_POINT('',(40.364078738399,-52.98561472767,-10.));
#3493 = CARTESIAN_POINT('',(38.579002975688,-53.81248460213,-10.));
#3494 = CARTESIAN_POINT('',(36.772845130699,-54.59104593791,-10.));
#3495 = CARTESIAN_POINT('',(33.563822877455,-55.87524071786,-10.));
#3496 = CARTESIAN_POINT('',(32.169163521059,-56.40131795309,-10.));
#3497 = CARTESIAN_POINT('',(30.764257578425,-56.89988137503,-10.));
#3498 = CARTESIAN_POINT('',(29.349876834127,-57.37103397848,-10.));
#3499 = CARTESIAN_POINT('',(27.926761910343,-57.81487617276,-10.));
#3500 = CARTESIAN_POINT('',(26.495622266851,-58.23150578178,-10.));
#3501 = CARTESIAN_POINT('',(21.563105460272,-59.56712840703,-10.));
#3502 = CARTESIAN_POINT('',(18.025969302441,-60.35318086592,-10.));
#3503 = CARTESIAN_POINT('',(14.455144443664,-60.98063629976,-10.));
#3504 = CARTESIAN_POINT('',(10.859616381532,-61.45052668283,-10.));
#3505 = CARTESIAN_POINT('',(7.247961823057,-61.76360227566,-10.));
#3506 = CARTESIAN_POINT('',(3.628349166503,-61.92031372825,-10.));
#3507 = CARTESIAN_POINT('',(-3.70246298275,-61.92095250506,-10.));
#3508 = CARTESIAN_POINT('',(-7.413201461073,-61.75690444361,-10.));
#3509 = CARTESIAN_POINT('',(-11.11538592759,-61.42852686602,-10.));
#3510 = CARTESIAN_POINT('',(-14.80021407246,-60.93532186553,-10.));
#3511 = CARTESIAN_POINT('',(-18.45841951979,-60.27646556478,-10.));
#3512 = CARTESIAN_POINT('',(-22.08027137829,-59.45083041553,-10.));
#3513 = CARTESIAN_POINT('',(-27.03887917741,-58.07221545504,-10.));
#3514 = CARTESIAN_POINT('',(-28.41519890166,-57.66241956764,-10.));
#3515 = CARTESIAN_POINT('',(-29.78389432056,-57.22734224632,-10.));
#3516 = CARTESIAN_POINT('',(-31.14432571179,-56.7668955791,-10.));
#3517 = CARTESIAN_POINT('',(-32.49582605187,-56.2809897407,-10.));
#3518 = CARTESIAN_POINT('',(-33.83770101615,-55.76953299243,-10.));
#3519 = CARTESIAN_POINT('',(-35.59408835286,-55.06105532221,-10.));
#3520 = CARTESIAN_POINT('',(-36.01576628106,-54.88792651034,-10.));
#3521 = CARTESIAN_POINT('',(-36.43425666371,-54.71309003794,-10.));
#3522 = CARTESIAN_POINT('',(-36.84955461199,-54.53659024208,-10.));
#3523 = CARTESIAN_POINT('',(-37.26165644801,-54.35847100568,-10.));
#3524 = CARTESIAN_POINT('',(-37.6705597048,-54.17877575742,-10.));
#3525 = CARTESIAN_POINT('',(-38.38115617536,-53.86134158277,-10.));
#3526 = CARTESIAN_POINT('',(-38.68268075493,-53.72499437046,-10.));
#3527 = CARTESIAN_POINT('',(-38.98264912539,-53.5877004948,-10.));
#3528 = CARTESIAN_POINT('',(-39.28227801847,-53.44891077506,-10.));
#3529 = CARTESIAN_POINT('',(-39.58218863725,-53.30833218981,-10.));
#3530 = CARTESIAN_POINT('',(-39.88240665621,-53.16592787701,-10.));
#3531 = CARTESIAN_POINT('',(-41.25328478858,-52.50778450462,-10.));
#3532 = CARTESIAN_POINT('',(-42.31570160902,-51.97593296647,-10.));
#3533 = CARTESIAN_POINT('',(-43.36915994294,-51.42631527771,-10.));
#3534 = CARTESIAN_POINT('',(-44.41318622436,-50.85888892302,-10.));
#3535 = CARTESIAN_POINT('',(-45.44728660916,-50.2736171267,-10.));
#3536 = CARTESIAN_POINT('',(-46.47094752324,-49.67046986574,-10.));
#3537 = CARTESIAN_POINT('',(-49.81021123789,-47.62262124141,-10.));
#3538 = CARTESIAN_POINT('',(-52.07876724649,-46.10141625705,-10.));
#3539 = CARTESIAN_POINT('',(-54.28299920879,-44.48546228708,-10.));
#3540 = CARTESIAN_POINT('',(-56.4157631859,-42.77477169727,-10.));
#3541 = CARTESIAN_POINT('',(-58.46918680251,-40.96985584447,-10.));
#3542 = CARTESIAN_POINT('',(-60.43479149067,-39.07187699944,-10.));
#3543 = CARTESIAN_POINT('',(-63.81008860032,-35.47943506264,-10.));
#3544 = CARTESIAN_POINT('',(-65.2536101569,-33.816936569,-10.));
#3545 = CARTESIAN_POINT('',(-66.62946335635,-32.09641313281,-10.));
#3546 = CARTESIAN_POINT('',(-67.93264481879,-30.3194261272,-10.));
#3547 = CARTESIAN_POINT('',(-69.15797486307,-28.4880757247,-10.));
#3548 = CARTESIAN_POINT('',(-70.30023519187,-26.60510071022,-10.));
#3549 = CARTESIAN_POINT('',(-71.94280321738,-23.59596895066,-10.));
#3550 = CARTESIAN_POINT('',(-72.50379126488,-22.50293333966,-10.));
#3551 = CARTESIAN_POINT('',(-73.03642399728,-21.3955123807,-10.));
#3552 = CARTESIAN_POINT('',(-73.53983393125,-20.27438634761,-10.));
#3553 = CARTESIAN_POINT('',(-74.01318280931,-19.14030700741,-10.));
#3554 = CARTESIAN_POINT('',(-74.45567316494,-17.99410277592,-10.));
#3555 = CARTESIAN_POINT('',(-75.68728165667,-14.52480837978,-10.));
#3556 = CARTESIAN_POINT('',(-76.38202731797,-12.16787241895,-10.));
#3557 = CARTESIAN_POINT('',(-76.94464463534,-9.773545301392,-10.));
#3558 = CARTESIAN_POINT('',(-77.37023576905,-7.350177303263,-10.));
#3559 = CARTESIAN_POINT('',(-77.65524461593,-4.906812345807,-10.));
#3560 = CARTESIAN_POINT('',(-77.79771417597,-2.453227597649,-10.));
#3561 = CARTESIAN_POINT('',(-77.79771417597,2.45322759763,-10.));
#3562 = CARTESIAN_POINT('',(-77.65524461593,4.906812345791,-10.));
#3563 = CARTESIAN_POINT('',(-77.37023576905,7.350177303242,-10.));
#3564 = CARTESIAN_POINT('',(-76.94464463535,9.773545301372,-10.));
#3565 = CARTESIAN_POINT('',(-76.38202731797,12.167872418945,-10.));
#3566 = CARTESIAN_POINT('',(-75.68728165668,14.524808379767,-10.));
#3567 = CARTESIAN_POINT('',(-74.45567316495,17.994102775908,-10.));
#3568 = CARTESIAN_POINT('',(-74.01318280932,19.140307007396,-10.));
#3569 = CARTESIAN_POINT('',(-73.53983393126,20.274386347592,-10.));
#3570 = CARTESIAN_POINT('',(-73.03642399728,21.395512380688,-10.));
#3571 = CARTESIAN_POINT('',(-72.50379126489,22.502933339649,-10.));
#3572 = CARTESIAN_POINT('',(-71.94280321739,23.595968950646,-10.));
#3573 = CARTESIAN_POINT('',(-70.30023519188,26.605100710215,-10.));
#3574 = CARTESIAN_POINT('',(-69.15797486308,28.488075724688,-10.));
#3575 = CARTESIAN_POINT('',(-67.9326448188,30.319426127192,-10.));
#3576 = CARTESIAN_POINT('',(-66.62946335636,32.096413132796,-10.));
#3577 = CARTESIAN_POINT('',(-65.25361015691,33.81693656899,-10.));
#3578 = CARTESIAN_POINT('',(-63.81008860033,35.47943506263,-10.));
#3579 = CARTESIAN_POINT('',(-60.43479149068,39.07187699943,-10.));
#3580 = CARTESIAN_POINT('',(-58.46918680252,40.969855844459,-10.));
#3581 = CARTESIAN_POINT('',(-56.41576318591,42.774771697267,-10.));
#3582 = CARTESIAN_POINT('',(-54.2829992088,44.485462287072,-10.));
#3583 = CARTESIAN_POINT('',(-52.0787672465,46.101416257047,-10.));
#3584 = CARTESIAN_POINT('',(-49.81021123791,47.622621241408,-10.));
#3585 = CARTESIAN_POINT('',(-46.66080817211,49.554035395186,-10.));
#3586 = CARTESIAN_POINT('',(-45.83073584848,50.04683004326,-10.));
#3587 = CARTESIAN_POINT('',(-44.99370570825,50.527820991147,-10.));
#3588 = CARTESIAN_POINT('',(-44.1499953418,50.997023373455,-10.));
#3589 = CARTESIAN_POINT('',(-43.29987346142,51.454455295363,-10.));
#3590 = CARTESIAN_POINT('',(-42.44359990135,51.900137832632,-10.));
#3591 = CARTESIAN_POINT('',(-41.1325064003,52.560049105651,-10.));
#3592 = CARTESIAN_POINT('',(-40.68219130345,52.782721006547,-10.));
#3593 = CARTESIAN_POINT('',(-40.23191146847,53.001419616791,-10.));
#3594 = CARTESIAN_POINT('',(-39.78227109979,53.215940968375,-10.));
#3595 = CARTESIAN_POINT('',(-39.33301788359,53.426509365658,-10.));
#3596 = CARTESIAN_POINT('',(-38.88301340642,53.63371850825,-10.));
#3597 = CARTESIAN_POINT('',(-37.97648740207,54.043636645811,-10.));
#3598 = CARTESIAN_POINT('',(-37.51872064309,54.246894307726,-10.));
#3599 = CARTESIAN_POINT('',(-37.05690425441,54.448184752128,-10.));
#3600 = CARTESIAN_POINT('',(-36.59104111999,54.647446396587,-10.));
#3601 = CARTESIAN_POINT('',(-36.12113605027,54.844616923757,-10.));
#3602 = CARTESIAN_POINT('',(-35.64719578212,55.039633281377,-10.));
#3603 = CARTESIAN_POINT('',(-33.83770101617,55.769532992426,-10.));
#3604 = CARTESIAN_POINT('',(-32.49582605188,56.280989740695,-10.));
#3605 = CARTESIAN_POINT('',(-31.1443257118,56.766895579103,-10.));
#3606 = CARTESIAN_POINT('',(-29.78389432058,57.227342246315,-10.));
#3607 = CARTESIAN_POINT('',(-28.41519890168,57.662419567642,-10.));
#3608 = CARTESIAN_POINT('',(-27.03887917742,58.072215455038,-10.));
#3609 = CARTESIAN_POINT('',(-22.0802713783,59.45083041553,-10.));
#3610 = CARTESIAN_POINT('',(-18.45841951981,60.276465564781,-10.));
#3611 = CARTESIAN_POINT('',(-14.80021407248,60.935321865526,-10.));
#3612 = CARTESIAN_POINT('',(-11.11538592761,61.428526866021,-10.));
#3613 = CARTESIAN_POINT('',(-7.413201461088,61.756904443619,-10.));
#3614 = CARTESIAN_POINT('',(-3.702462982769,61.920952505064,-10.));
#3615 = CARTESIAN_POINT('',(3.628349166489,61.920313728262,-10.));
#3616 = CARTESIAN_POINT('',(7.247961823031,61.763602275659,-10.));
#3617 = CARTESIAN_POINT('',(10.859616381524,61.450526682843,-10.));
#3618 = CARTESIAN_POINT('',(14.455144443653,60.98063629977,-10.));
#3619 = CARTESIAN_POINT('',(18.025969302412,60.353180865918,-10.));
#3620 = CARTESIAN_POINT('',(21.563105460262,59.567128407037,-10.));
#3621 = CARTESIAN_POINT('',(26.495622266836,58.231505781789,-10.));
#3622 = CARTESIAN_POINT('',(27.926761910328,57.814876172766,-10.));
#3623 = CARTESIAN_POINT('',(29.349876834112,57.371033978484,-10.));
#3624 = CARTESIAN_POINT('',(30.76425757841,56.899881375044,-10.));
#3625 = CARTESIAN_POINT('',(32.169163521044,56.401317953102,-10.));
#3626 = CARTESIAN_POINT('',(33.56382287744,55.875240717869,-10.));
#3627 = CARTESIAN_POINT('',(36.772845130685,54.591045937922,-10.));
#3628 = CARTESIAN_POINT('',(38.579002975674,53.812484602139,-10.));
#3629 = CARTESIAN_POINT('',(40.364078738386,52.985614727682,-10.));
#3630 = CARTESIAN_POINT('',(42.126098013589,52.110207645354,-10.));
#3631 = CARTESIAN_POINT('',(43.862944552082,51.186061677329,-10.));
#3632 = CARTESIAN_POINT('',(45.572365324748,50.213012443643,-10.));
#3633 = CARTESIAN_POINT('',(49.582518495615,47.772770791496,-10.));
#3634 = CARTESIAN_POINT('',(51.855536178478,46.260299832448,-10.));
#3635 = CARTESIAN_POINT('',(54.064768446187,44.653169816932,-10.));
#3636 = CARTESIAN_POINT('',(56.203120277982,42.951371886442,-10.));
#3637 = CARTESIAN_POINT('',(58.262770474467,41.155386487656,-10.));
#3638 = CARTESIAN_POINT('',(60.235291192409,39.266333077692,-10.));
#3639 = CARTESIAN_POINT('',(63.629838926488,35.684167554588,-10.));
#3640 = CARTESIAN_POINT('',(65.084987628136,34.022616371843,-10.));
#3641 = CARTESIAN_POINT('',(66.472471666377,32.302552821833,-10.));
#3642 = CARTESIAN_POINT('',(67.787254689582,30.525518050472,-10.));
#3643 = CARTESIAN_POINT('',(69.024116376459,28.693593528688,-10.));
#3644 = CARTESIAN_POINT('',(70.177790455044,26.809501979444,-10.));
#3645 = CARTESIAN_POINT('',(73.035991833174,21.624134914363,-10.));
#3646 = CARTESIAN_POINT('',(74.57962056206,18.232021856523,-10.));
#3647 = CARTESIAN_POINT('',(75.847709940632,14.719344904134,-10.));
#3648 = CARTESIAN_POINT('',(76.817512533189,11.109332507393,-10.));
#3649 = CARTESIAN_POINT('',(77.471232348244,7.429828017492,-10.));
#3650 = CARTESIAN_POINT('',(77.797714342861,3.71369611862,-10.));
#3651 = CARTESIAN_POINT('',(77.797713945243,0.,-10.));
#3652 = ORIENTED_EDGE('',*,*,#1737,.T.);
#3653 = ORIENTED_EDGE('',*,*,#3270,.F.);
#3654 = ( BOUNDED_SURFACE() B_SPLINE_SURFACE(2,2,(
    (#3655,#3656,#3657,#3658,#3659)
    ,(#3660,#3661,#3662,#3663,#3664)
    ,(#3665,#3666,#3667,#3668,#3669)
    ,(#3670,#3671,#3672,#3673,#3674)
    ,(#3675,#3676,#3677,#3678,#3679)
    ,(#3680,#3681,#3682,#3683,#3684)
    ,(#3685,#3686,#3687,#3688,#3689
)),.UNSPECIFIED.,.T.,.F.,.F.) B_SPLINE_SURFACE_WITH_KNOTS((1,2,2,2,2,1),
  (3,2,3),(-2.094395102393,0.,2.094395102393,4.188790204786,
    6.28318530718,8.377580409573),(-1.570796326795,0.,1.570796326795),
.UNSPECIFIED.) GEOMETRIC_REPRESENTATION_ITEM() RATIONAL_B_SPLINE_SURFACE
((
    (1.,0.707106781187,1.,0.707106781187,1.)
    ,(0.5,0.353553390593,0.5,0.353553390593,0.5)
    ,(1.,0.707106781187,1.,0.707106781187,1.)
    ,(0.5,0.353553390593,0.5,0.353553390593,0.5)
    ,(1.,0.707106781187,1.,0.707106781187,1.)
    ,(0.5,0.353553390593,0.5,0.353553390593,0.5)
,(1.,0.707106781187,1.,0.707106781187,1.
))) REPRESENTATION_ITEM('') SURFACE() );
#3655 = CARTESIAN_POINT('',(6.000769315822E-15,0.,-68.));
#3656 = CARTESIAN_POINT('',(98.,0.,-68.));
#3657 = CARTESIAN_POINT('',(98.,0.,80.));
#3658 = CARTESIAN_POINT('',(98.,0.,228.));
#3659 = CARTESIAN_POINT('',(6.000769315822E-15,0.,228.));
#3660 = CARTESIAN_POINT('',(6.000769315822E-15,8.272486862054E-15,-68.)
  );
#3661 = CARTESIAN_POINT('',(98.,135.09996299037,-68.));
#3662 = CARTESIAN_POINT('',(98.,135.09996299037,80.));
#3663 = CARTESIAN_POINT('',(98.,135.09996299037,228.));
#3664 = CARTESIAN_POINT('',(6.000769315822E-15,8.272486862054E-15,228.)
  );
#3665 = CARTESIAN_POINT('',(-3.000384657911E-15,4.136243431027E-15,-68.)
  );
#3666 = CARTESIAN_POINT('',(-49.,67.549981495186,-68.));
#3667 = CARTESIAN_POINT('',(-49.,67.549981495186,80.));
#3668 = CARTESIAN_POINT('',(-49.,67.549981495186,228.));
#3669 = CARTESIAN_POINT('',(-3.000384657911E-15,4.136243431027E-15,228.)
  );
#3670 = CARTESIAN_POINT('',(-1.200153863164E-14,1.169812630476E-30,-68.)
  );
#3671 = CARTESIAN_POINT('',(-196.,1.91044900667E-14,-68.));
#3672 = CARTESIAN_POINT('',(-196.,1.91044900667E-14,80.));
#3673 = CARTESIAN_POINT('',(-196.,1.91044900667E-14,228.));
#3674 = CARTESIAN_POINT('',(-1.200153863164E-14,1.169812630476E-30,228.)
  );
#3675 = CARTESIAN_POINT('',(-3.000384657911E-15,-4.136243431027E-15,-68.
    ));
#3676 = CARTESIAN_POINT('',(-49.,-67.54998149518,-68.));
#3677 = CARTESIAN_POINT('',(-49.,-67.54998149518,80.));
#3678 = CARTESIAN_POINT('',(-49.,-67.54998149518,228.));
#3679 = CARTESIAN_POINT('',(-3.000384657911E-15,-4.136243431027E-15,228.
    ));
#3680 = CARTESIAN_POINT('',(6.000769315822E-15,-8.272486862054E-15,-68.)
  );
#3681 = CARTESIAN_POINT('',(98.,-135.0999629903,-68.));
#3682 = CARTESIAN_POINT('',(98.,-135.0999629903,80.));
#3683 = CARTESIAN_POINT('',(98.,-135.0999629903,228.));
#3684 = CARTESIAN_POINT('',(6.000769315822E-15,-8.272486862054E-15,228.)
  );
#3685 = CARTESIAN_POINT('',(6.000769315822E-15,0.,-68.));
#3686 = CARTESIAN_POINT('',(98.,0.,-68.));
#3687 = CARTESIAN_POINT('',(98.,0.,80.));
#3688 = CARTESIAN_POINT('',(98.,0.,228.));
#3689 = CARTESIAN_POINT('',(6.000769315822E-15,0.,228.));
#3690 = ADVANCED_FACE('',(#3691),#3698,.F.);
#3691 = FACE_BOUND('',#3692,.F.);
#3692 = EDGE_LOOP('',(#3693,#3694,#3695,#3696,#3697));
#3693 = ORIENTED_EDGE('',*,*,#3281,.F.);
#3694 = ORIENTED_EDGE('',*,*,#1728,.T.);
#3695 = ORIENTED_EDGE('',*,*,#3468,.F.);
#3696 = ORIENTED_EDGE('',*,*,#1906,.T.);
#3697 = ORIENTED_EDGE('',*,*,#1953,.T.);
#3698 = PLANE('',#3699);
#3699 = AXIS2_PLACEMENT_3D('',#3700,#3701,#3702);
#3700 = CARTESIAN_POINT('',(-100.,-100.,-10.));
#3701 = DIRECTION('',(0.,0.,1.));
#3702 = DIRECTION('',(1.,0.,0.));
#3703 = ADVANCED_FACE('',(#3704),#3708,.F.);
#3704 = FACE_BOUND('',#3705,.F.);
#3705 = EDGE_LOOP('',(#3706,#3707));
#3706 = ORIENTED_EDGE('',*,*,#3190,.T.);
#3707 = ORIENTED_EDGE('',*,*,#2110,.T.);
#3708 = PLANE('',#3709);
#3709 = AXIS2_PLACEMENT_3D('',#3710,#3711,#3712);
#3710 = CARTESIAN_POINT('',(-40.,-69.28203230275,90.));
#3711 = DIRECTION('',(0.,0.,1.));
#3712 = DIRECTION('',(1.,0.,0.));
#3713 = ADVANCED_FACE('',(#3714),#3718,.F.);
#3714 = FACE_BOUND('',#3715,.F.);
#3715 = EDGE_LOOP('',(#3716,#3717));
#3716 = ORIENTED_EDGE('',*,*,#3159,.T.);
#3717 = ORIENTED_EDGE('',*,*,#2222,.T.);
#3718 = PLANE('',#3719);
#3719 = AXIS2_PLACEMENT_3D('',#3720,#3721,#3722);
#3720 = CARTESIAN_POINT('',(40.,69.282032302755,90.));
#3721 = DIRECTION('',(0.,0.,1.));
#3722 = DIRECTION('',(1.,0.,0.));
#3723 = ADVANCED_FACE('',(#3724),#3728,.F.);
#3724 = FACE_BOUND('',#3725,.F.);
#3725 = EDGE_LOOP('',(#3726,#3727));
#3726 = ORIENTED_EDGE('',*,*,#3175,.T.);
#3727 = ORIENTED_EDGE('',*,*,#2431,.T.);
#3728 = PLANE('',#3729);
#3729 = AXIS2_PLACEMENT_3D('',#3730,#3731,#3732);
#3730 = CARTESIAN_POINT('',(-40.,69.282032302755,90.));
#3731 = DIRECTION('',(0.,0.,1.));
#3732 = DIRECTION('',(1.,0.,0.));
#3733 = ADVANCED_FACE('',(#3734),#3738,.F.);
#3734 = FACE_BOUND('',#3735,.F.);
#3735 = EDGE_LOOP('',(#3736,#3737));
#3736 = ORIENTED_EDGE('',*,*,#3206,.T.);
#3737 = ORIENTED_EDGE('',*,*,#2704,.T.);
#3738 = PLANE('',#3739);
#3739 = AXIS2_PLACEMENT_3D('',#3740,#3741,#3742);
#3740 = CARTESIAN_POINT('',(40.,-69.28203230275,90.));
#3741 = DIRECTION('',(0.,0.,1.));
#3742 = DIRECTION('',(1.,0.,0.));
#3743 = ( GEOMETRIC_REPRESENTATION_CONTEXT(3) 
GLOBAL_UNCERTAINTY_ASSIGNED_CONTEXT((#3747)) 
GLOBAL_UNIT_ASSIGNED_CONTEXT((#3744,#3745,#3746)) REPRESENTATION_CONTEXT
('Context #1','3D Context with UNIT and UNCERTAINTY') );
#3744 = ( LENGTH_UNIT() NAMED_UNIT(*) SI_UNIT(.MILLI.,.METRE.) );
#3745 = ( NAMED_UNIT(*) PLANE_ANGLE_UNIT() SI_UNIT($,.RADIAN.) );
#3746 = ( NAMED_UNIT(*) SI_UNIT($,.STERADIAN.) SOLID_ANGLE_UNIT() );
#3747 = UNCERTAINTY_MEASURE_WITH_UNIT(LENGTH_MEASURE(5.E-04),#3744,
  'distance_accuracy_value','confusion accuracy');
#3748 = PRODUCT_RELATED_PRODUCT_CATEGORY('part',$,(#7));
#3749 = MECHANICAL_DESIGN_GEOMETRIC_PRESENTATION_REPRESENTATION('',(
    #3750),#3743);
#3750 = STYLED_ITEM('color',(#3751),#15);
#3751 = PRESENTATION_STYLE_ASSIGNMENT((#3752,#3758));
#3752 = SURFACE_STYLE_USAGE(.BOTH.,#3753);
#3753 = SURFACE_SIDE_STYLE('',(#3754));
#3754 = SURFACE_STYLE_FILL_AREA(#3755);
#3755 = FILL_AREA_STYLE('',(#3756));
#3756 = FILL_AREA_STYLE_COLOUR('',#3757);
#3757 = COLOUR_RGB('',0.800000010877,0.800000010877,0.800000010877);
#3758 = CURVE_STYLE('',#3759,POSITIVE_LENGTH_MEASURE(0.1),#3760);
#3759 = DRAUGHTING_PRE_DEFINED_CURVE_FONT('continuous');
#3760 = COLOUR_RGB('',9.803921802644E-02,9.803921802644E-02,
  9.803921802644E-02);
ENDSEC;
END-ISO-10303-21;
